edgar_allan_poe,The Fall of the House of Usher
edgar_allan_poe,Son coeur est un luth suspendu;
edgar_allan_poe,Sitot qu'on le touche il resonne.
edgar_allan_poe,DE BERANGER.
edgar_allan_poe,"During the whole of a dull, dark, and soundless day in the"
edgar_allan_poe,"autumn of the year, when the clouds hung oppressively low in the"
edgar_allan_poe,"heavens, I had been passing alone, on horseback, through a"
edgar_allan_poe,"singularly dreary tract of country; and at length found myself,"
edgar_allan_poe,"as the shades of the evening drew on, within view of the"
edgar_allan_poe,"melancholy House of Usher.  I know not how it was--but, with the"
edgar_allan_poe,"first glimpse of the building, a sense of insufferable gloom"
edgar_allan_poe,pervaded my spirit.  I say insufferable; for the feeling was
edgar_allan_poe,"unrelieved by any of that half-pleasureable, because poetic,"
edgar_allan_poe,"sentiment, with which the mind usually receives even the sternest"
edgar_allan_poe,natural images of the desolate or terrible.  I looked upon the
edgar_allan_poe,"scene before me--upon the mere house, and the simple landscape"
edgar_allan_poe,features of the domain--upon the bleak walls--upon the vacant
edgar_allan_poe,eye-like windows--upon a few rank sedges--and upon a few white
edgar_allan_poe,trunks of decayed trees--with an utter depression of soul which I
edgar_allan_poe,can compare to no earthly sensation more properly than to the
edgar_allan_poe,after-dream of the reveller upon opium--the bitter lapse into
edgar_allan_poe,everyday life--the hideous dropping off of the veil.  There was
edgar_allan_poe,"an iciness, a sinking, a sickening of the heart--an unredeemed"
edgar_allan_poe,dreariness of thought which no goading of the imagination could
edgar_allan_poe,torture into aught of the sublime.  What was it--I paused to
edgar_allan_poe,think--what was it that so unnerved me in the contemplation of
edgar_allan_poe,the House of Usher?  It was a mystery all insoluble; nor could I
edgar_allan_poe,grapple with the shadowy fancies that crowded upon me as I
edgar_allan_poe,pondered.  I was forced to fall back upon the unsatisfactory
edgar_allan_poe,"conclusion, that while, beyond doubt, there are combinations"
edgar_allan_poe,of very simple natural objects which have the power of thus
edgar_allan_poe,"affecting us, still the analysis of this power lies among"
edgar_allan_poe,"considerations beyond our depth.  It was possible, I reflected,"
edgar_allan_poe,that a mere different arrangement of the particulars of the
edgar_allan_poe,"scene, of the details of the picture, would be sufficient to"
edgar_allan_poe,"modify, or perhaps to annihilate its capacity for sorrowful"
edgar_allan_poe,"impression; and, acting upon this idea, I reined my horse"
edgar_allan_poe,to the precipitous brink of a black and lurid tarn that lay in
edgar_allan_poe,"unruffled lustre by the dwelling, and gazed down--but with a"
edgar_allan_poe,shudder even more thrilling than before--upon the remodelled and
edgar_allan_poe,"inverted images of the grey sedge, and the ghastly tree-stems,"
edgar_allan_poe,and the vacant and eye-like windows.
edgar_allan_poe,"Nevertheless, in this mansion of gloom I now proposed to"
edgar_allan_poe,"myself a sojourn of some weeks.  Its proprietor, Roderick Usher,"
edgar_allan_poe,had been one of my boon companions in boyhood; but many years had
edgar_allan_poe,"elapsed since our last meeting.  A letter, however, had lately"
edgar_allan_poe,reached me in a distant part of the country--a letter from
edgar_allan_poe,"him--which, in its wildly importunate nature, had admitted of no"
edgar_allan_poe,other than a personal reply.  The MS gave evidence of nervous
edgar_allan_poe,agitation.  The writer spoke of acute bodily illness--of a mental
edgar_allan_poe,"disorder which oppressed him--and of an earnest desire to see me,"
edgar_allan_poe,"as his best, and indeed his only personal friend, with a view of"
edgar_allan_poe,"attempting, by the cheerfulness of my society, some alleviation"
edgar_allan_poe,"of his malady.  It was the manner in which all this, and much"
edgar_allan_poe,"more, was said--it was the apparent heart that went with his"
edgar_allan_poe,request--which allowed me no room for hesitation; and I
edgar_allan_poe,accordingly obeyed forthwith what I still considered a very
edgar_allan_poe,singular summons.
edgar_allan_poe,"Although, as boys, we had been even intimate associates, yet"
edgar_allan_poe,I really knew little of my friend.  His reserve had been always
edgar_allan_poe,"excessive and habitual.  I was aware, however, that his very"
edgar_allan_poe,"ancient family had been noted, time out of mind, for a peculiar"
edgar_allan_poe,"sensibility of temperament, displaying itself, through long ages,"
edgar_allan_poe,"in many works of exalted art, and manifested, of late, in"
edgar_allan_poe,"repeated deeds of munificent yet unobtrusive charity, as well as"
edgar_allan_poe,"in a passionate devotion to the intricacies, perhaps even more"
edgar_allan_poe,than to the orthodox and easily recognisable beauties of musical
edgar_allan_poe,"science.  I had learned, too, the very remarkable fact, that the"
edgar_allan_poe,"stem of the Usher race, all time-honoured as it was, had put"
edgar_allan_poe,"forth, at no period, any enduring branch; in other words, that"
edgar_allan_poe,"the entire family lay in the direct line of descent, and had"
edgar_allan_poe,"always, with very trifling and very temporary variation, so lain."
edgar_allan_poe,"It was this deficiency, I considered, while running over in"
edgar_allan_poe,thought the perfect keeping of the character of the premises with
edgar_allan_poe,"the accredited character of the people, and while speculating"
edgar_allan_poe,"upon the possible influence which the one, in the long"
edgar_allan_poe,"lapse of centuries, might have exercised upon the other--it was"
edgar_allan_poe,"this deficiency, perhaps, of collateral issue, and the consequent"
edgar_allan_poe,"undeviating transmission, from sire to son, of the patrimony with"
edgar_allan_poe,"the name, which had, at length, so identified the two as to merge"
edgar_allan_poe,the original title of the estate in the quaint and equivocal
edgar_allan_poe,"appellation of the ""House of Usher""--an appellation which seemed"
edgar_allan_poe,"to include, in the minds of the peasantry who used it, both the"
edgar_allan_poe,family and the family mansion.
edgar_allan_poe,I have said that the sole effect of my somewhat childish
edgar_allan_poe,experiment--that of looking down within the tarn--had been to
edgar_allan_poe,deepen the first singular impression.  There can be no doubt that
edgar_allan_poe,the consciousness of the rapid increase of my superstition--for
edgar_allan_poe,why should I not so term it?--served mainly to accelerate the
edgar_allan_poe,"increase itself.  Such, I have long known, is the paradoxical law"
edgar_allan_poe,of all sentiments having terror as a basis.  And it might have
edgar_allan_poe,"been for this reason only, that, when I again uplifted my eyes to"
edgar_allan_poe,"the house itself, from its image in the pool, there grew in my"
edgar_allan_poe,"mind a strange fancy--a fancy so ridiculous, indeed, that I but"
edgar_allan_poe,mention it to show the vivid force of the sensations which
edgar_allan_poe,oppressed me.  I had so worked upon my imagination as really to
edgar_allan_poe,believe that about the whole mansion and domain there hung an
edgar_allan_poe,atmosphere peculiar to themselves and their immediate vicinity--an
edgar_allan_poe,"atmosphere which had no affinity with the air of heaven, but"
edgar_allan_poe,"which had reeked up from the decayed trees, and the grey wall,"
edgar_allan_poe,"and the silent tarn--a pestilent and mystic vapour, dull,"
edgar_allan_poe,"sluggish, faintly discernible, and leaden-hued."
edgar_allan_poe,"Shaking off from my spirit what must have been a dream,"
edgar_allan_poe,I scanned more narrowly the real aspect of the building.  Its
edgar_allan_poe,principal feature seemed to be that of an excessive antiquity.
edgar_allan_poe,The discoloration of ages had been great.  Minute fungi
edgar_allan_poe,"overspread the whole exterior, hanging in a fine tangled web-work"
edgar_allan_poe,from the eaves.  Yet all this was apart from any extraordinary
edgar_allan_poe,dilapidation.  No portion of the masonry had fallen; and there
edgar_allan_poe,appeared to be a wild inconsistency between its still perfect
edgar_allan_poe,"adaptation of parts, and the crumbling condition of the"
edgar_allan_poe,individual stones.  In this there was much that reminded me of
edgar_allan_poe,the specious totality of old wood-work which has rotted for long
edgar_allan_poe,"years in some neglected vault, with no disturbance from the"
edgar_allan_poe,breath of the external air.  Beyond  this indication of
edgar_allan_poe,"extensive decay, however, the fabric gave little token of"
edgar_allan_poe,instability.  Perhaps the eye of a scrutinizing observer might
edgar_allan_poe,"have discovered a barely perceptible fissure, which, extending"
edgar_allan_poe,"from the roof of the building in front, made its way down the"
edgar_allan_poe,"wall in a zigzag direction, until it became lost in the sullen"
edgar_allan_poe,waters of the tarn.
edgar_allan_poe,"Noticing these things, I rode over a short causeway to the"
edgar_allan_poe,"house.  A servant in waiting took my horse, and I entered the"
edgar_allan_poe,"Gothic archway of the hall.  A valet, of stealthy step, thence"
edgar_allan_poe,"conducted me, in silence, through many dark and intricate"
edgar_allan_poe,passages in my progress to the studio of his master.  Much
edgar_allan_poe,"that I encountered on the way contributed, I know not how, to"
edgar_allan_poe,heighten the vague sentiments of which I have already spoken.
edgar_allan_poe,"While the objects around me--while the carvings of the ceilings,"
edgar_allan_poe,"the sombre tapestries of the walls, the ebon blackness of the"
edgar_allan_poe,"floors, and the phantasmagoric armorial trophies which rattled as"
edgar_allan_poe,"I strode, were but matters to which, or to such as which, I had"
edgar_allan_poe,been accustomed from my infancy--while I hesitated not to
edgar_allan_poe,acknowledge how familiar was all this--I still wondered to find
edgar_allan_poe,how unfamiliar were the fancies which ordinary images were
edgar_allan_poe,"stirring up.  On one of the staircases, I met the physician of"
edgar_allan_poe,"the family.  His countenance, I thought, wore a mingled"
edgar_allan_poe,expression of low cunning and perplexity.  He accosted me with
edgar_allan_poe,trepidation and passed on.  The valet now threw open a door and
edgar_allan_poe,ushered me into the presence of his master.
edgar_allan_poe,The room in which I found myself was very large and lofty.
edgar_allan_poe,"The windows were long, narrow, and pointed, and at so vast a"
edgar_allan_poe,distance from the black oaken floor as to be altogether inaccessible
edgar_allan_poe,from within.  Feeble gleams of encrimsoned light made their way
edgar_allan_poe,"through the trellised panes, and served to render sufficiently"
edgar_allan_poe,"distinct the more prominent objects around; the eye, however,"
edgar_allan_poe,"struggled in vain to reach the remoter angles of the chamber, or"
edgar_allan_poe,the recesses of the vaulted and fretted ceiling.  Dark draperies
edgar_allan_poe,"hung upon the walls.  The general furniture was profuse,"
edgar_allan_poe,"comfortless, antique, and tattered.  Many books and musical"
edgar_allan_poe,"instruments lay scattered about, but failed to give any vitality"
edgar_allan_poe,to the scene.  I felt that I breathed an atmosphere of sorrow.
edgar_allan_poe,"An air of stern, deep, and irredeemable gloom hung over and"
edgar_allan_poe,pervaded all.
edgar_allan_poe,"Upon my entrance, Usher rose from a sofa on which he had"
edgar_allan_poe,"been lying at full length, and greeted me with a vivacious warmth"
edgar_allan_poe,"which had much in it, I at first thought, of an overdone"
edgar_allan_poe,cordiality--of the constrained effort of the ennuye man of
edgar_allan_poe,"the world.  A glance, however, at his countenance, convinced me"
edgar_allan_poe,"of his perfect sincerity.  We sat down; and for some moments,"
edgar_allan_poe,"while he spoke not, I gazed upon him with a feeling half of pity,"
edgar_allan_poe,"half of awe.  Surely, man had never before so terribly altered,"
edgar_allan_poe,"in so brief a period, as had Roderick Usher!  It was with"
edgar_allan_poe,difficulty that I could bring myself to admit the identity of the
edgar_allan_poe,wan being before me with the companion of my early boyhood.  Yet
edgar_allan_poe,the character of his face had been at all times remarkable.  A
edgar_allan_poe,"cadaverousness of complexion; an eye large, liquid, and luminous"
edgar_allan_poe,"beyond comparison; lips somewhat thin and very pallid, but of a"
edgar_allan_poe,"surpassingly beautiful curve; a nose of a delicate Hebrew model,"
edgar_allan_poe,but with a breadth of nostril unusual in similar formations; a
edgar_allan_poe,"finely-moulded chin, speaking, in its want of prominence, of a"
edgar_allan_poe,want of moral energy; hair of a more than web-like softness and
edgar_allan_poe,"tenuity; these features, with an inordinate expansion above the"
edgar_allan_poe,"regions of the temple, made up altogether a countenance not"
edgar_allan_poe,easily to be forgotten.  And now in the mere exaggeration of the
edgar_allan_poe,"prevailing character of these features, and of the expression"
edgar_allan_poe,"they were wont to convey, lay so much of change that I doubted to"
edgar_allan_poe,"whom I spoke.  The now ghastly pallor of the skin, and the now"
edgar_allan_poe,"miraculous lustre of the eye, above all things startled and even"
edgar_allan_poe,"awed me.  The silken hair, too, had been suffered to grow all"
edgar_allan_poe,"unheeded, and as, in its wild gossamer texture, it floated rather"
edgar_allan_poe,"than fell about the face, I could not, even with effort, connect"
edgar_allan_poe,its Arabesque expression with any idea of simple humanity.
edgar_allan_poe,In the manner of my friend I was at once struck with an
edgar_allan_poe,incoherence--an inconsistency; and I soon found this to arise
edgar_allan_poe,from a series of feeble and futile struggles to overcome an
edgar_allan_poe,habitual trepidancy--an excessive nervous agitation.  For
edgar_allan_poe,"something of this nature I had indeed been prepared, no less by"
edgar_allan_poe,"his letter, than by reminiscences of certain boyish traits, and"
edgar_allan_poe,by conclusions deduced from his peculiar physical conformation
edgar_allan_poe,and temperament.  His action was alternately vivacious and
edgar_allan_poe,sullen.  His voice varied rapidly from a tremulous indecision
edgar_allan_poe,(when the animal spirits seemed utterly in abeyance) to
edgar_allan_poe,"that species of energetic concision--that abrupt, weighty,"
edgar_allan_poe,"unhurried, and hollow-sounding enunciation--that leaden,"
edgar_allan_poe,"self-balanced and perfectly modulated guttural utterance, which may"
edgar_allan_poe,"be observed in the lost drunkard, or the irreclaimable eater of"
edgar_allan_poe,"opium, during the periods of his most intense excitement."
edgar_allan_poe,"It was thus that he spoke of the object of my visit, of his"
edgar_allan_poe,"earnest desire to see me, and of the solace he expected me to"
edgar_allan_poe,"afford him.  He entered, at some length, into what he conceived"
edgar_allan_poe,"to be the nature of his malady.  It was, he said, a"
edgar_allan_poe,"constitutional and a family evil, and one for which he despaired"
edgar_allan_poe,"to find a remedy--a mere nervous affection, he immediately added,"
edgar_allan_poe,which would undoubtedly soon pass off.  It displayed itself in a
edgar_allan_poe,"host of unnatural sensations.  Some of these, as he detailed"
edgar_allan_poe,"them, interested and bewildered me; although, perhaps, the terms,"
edgar_allan_poe,and the general manner of the narration had their weight.  He
edgar_allan_poe,suffered much from a morbid acuteness of the senses; the most
edgar_allan_poe,insipid food was alone endurable; he could wear only garments of
edgar_allan_poe,certain texture; the odours of all flowers were oppressive; his
edgar_allan_poe,eyes were tortured by even a faint light; and there were but
edgar_allan_poe,"peculiar sounds, and these from stringed instruments, which did"
edgar_allan_poe,not inspire him with horror.
edgar_allan_poe,To an anomalous species of terror I found him a bounden
edgar_allan_poe,"slave.  ""I shall perish,"" said he, ""I must perish in this"
edgar_allan_poe,"deplorable folly.  Thus, thus, and not otherwise, shall I be"
edgar_allan_poe,"lost.  I dread the events of the future, not in themselves, but"
edgar_allan_poe,"in their results.  I shudder at the thought of any, even the most"
edgar_allan_poe,"trivial, incident, which may operate upon this intolerable"
edgar_allan_poe,"agitation of soul.  I have, indeed, no abhorrence of danger,"
edgar_allan_poe,except in its absolute effect--in terror.  In this unnerved--in
edgar_allan_poe,this pitiable condition--I feel that the period will sooner or
edgar_allan_poe,"later arrive when I must abandon life and reason together, in"
edgar_allan_poe,"some struggle with the grim phantasm, FEAR."""
edgar_allan_poe,"I learned, moreover, at intervals, and through broken and"
edgar_allan_poe,"equivocal hints, another singular feature of his mental"
edgar_allan_poe,condition.  He was enchained by certain superstitious impressions
edgar_allan_poe,"in regard to the dwelling which he tenanted, and whence, for many"
edgar_allan_poe,"years, he had never ventured forth--in regard to an influence"
edgar_allan_poe,whose supposititious force was conveyed in terms too shadowy here
edgar_allan_poe,to be re-stated--an influence which some peculiarities in the
edgar_allan_poe,"mere form and substance of his family mansion, had, by"
edgar_allan_poe,"dint of long sufferance, he said, obtained over his spirit--an"
edgar_allan_poe,"effect which the physique of the grey walls and turrets, and"
edgar_allan_poe,"of the dim tarn into which they all looked down, had, at length,"
edgar_allan_poe,brought about upon the morale of his existence.
edgar_allan_poe,"He admitted, however, although with hesitation, that much of"
edgar_allan_poe,the peculiar gloom which thus afflicted him could be traced to a
edgar_allan_poe,more natural and far more palpable origin--to the severe and
edgar_allan_poe,long-continued illness--indeed to the evidently approaching
edgar_allan_poe,dissolution--of a tenderly beloved sister--his sole companion for
edgar_allan_poe,"long years--his last and only relative on earth.  ""Her decease,"""
edgar_allan_poe,"he said, with a bitterness which I can never forget, ""would leave"
edgar_allan_poe,him (him the hopeless and the frail) the last of the ancient race
edgar_allan_poe,"of the Ushers.""  While he spoke, the lady Madeline (for so was"
edgar_allan_poe,she called) passed slowly through a remote portion of the
edgar_allan_poe,"apartment, and, without having noticed my presence, disappeared."
edgar_allan_poe,I regarded her with an utter astonishment not unmingled with
edgar_allan_poe,dread--and yet I found it impossible to account for such
edgar_allan_poe,"feelings.  A sensation of stupor oppressed me, as my eyes"
edgar_allan_poe,"followed her retreating steps.  When a door, at length, closed"
edgar_allan_poe,"upon her, my glance sought instinctively and eagerly the"
edgar_allan_poe,countenance of the brother--but he had buried his face in his
edgar_allan_poe,"hands, and I could only perceive that a far more than ordinary"
edgar_allan_poe,wanness had overspread the emaciated fingers through which
edgar_allan_poe,trickled many passionate tears.
edgar_allan_poe,The disease of the lady Madeline had long baffled the skill
edgar_allan_poe,"of her physicians.  A settled apathy, a gradual wasting away of"
edgar_allan_poe,"the person, and frequent although transient affections of a"
edgar_allan_poe,"partially cataleptical character, were the unusual diagnosis."
edgar_allan_poe,Hitherto she had steadily borne up against the pressure of her
edgar_allan_poe,"malady, and had not betaken herself finally to bed; but, on the"
edgar_allan_poe,"closing in of the evening of my arrival at the house, she"
edgar_allan_poe,succumbed (as her brother told me at night with inexpressible
edgar_allan_poe,agitation) to the prostrating power of the destroyer; and I
edgar_allan_poe,learned that the glimpse I had obtained of her person would thus
edgar_allan_poe,"probably be the last I should obtain--that the lady, at least"
edgar_allan_poe,"while living, would be seen by me no more."
edgar_allan_poe,"For several days ensuing, her name was unmentioned by either"
edgar_allan_poe,Usher or myself: and during this period I was busied in earnest
edgar_allan_poe,endeavours to alleviate the melancholy of my friend.  We
edgar_allan_poe,"painted and read together; or I listened, as if in a dream, to"
edgar_allan_poe,"the wild improvisations of his speaking guitar.  And thus, as a"
edgar_allan_poe,closer and still closer intimacy admitted me more unreservedly
edgar_allan_poe,"into the recesses of his spirit, the more bitterly did I perceive"
edgar_allan_poe,the futility of all attempt at cheering a mind from which
edgar_allan_poe,"darkness, as if an inherent positive quality, poured forth upon"
edgar_allan_poe,"all objects of the moral and physical universe, in one unceasing"
edgar_allan_poe,radiation of gloom.
edgar_allan_poe,I shall ever bear about me a memory of the many solemn hours
edgar_allan_poe,I thus spent alone with the master of the House of Usher.  Yet I
edgar_allan_poe,should fail in any attempt to convey an idea of the exact
edgar_allan_poe,"character of the studies, or of the occupations, in which he"
edgar_allan_poe,"involved me, or led me the way.  An excited and highly"
edgar_allan_poe,distempered ideality threw a sulphureous lustre over all.  His
edgar_allan_poe,long improvised dirges will ring for ever in my ears.  Among
edgar_allan_poe,"other things, I hold painfully in mind a certain singular"
edgar_allan_poe,perversion and amplification of the wild air of the last waltz of
edgar_allan_poe,Von Weber.  From the paintings over which his elaborate fancy
edgar_allan_poe,"brooded, and which grew, touch by touch, into vagueness at which"
edgar_allan_poe,"I shuddered the more thrillingly, because I shuddered knowing not"
edgar_allan_poe,why;--from these paintings (vivid as their images now are before
edgar_allan_poe,me) I would in vain endeavour to educe more than a small portion
edgar_allan_poe,which should lie within the compass of merely written words.  By
edgar_allan_poe,"the utter simplicity, by the nakedness of his designs, he"
edgar_allan_poe,"arrested and overawed attention.  If ever mortal painted an idea,"
edgar_allan_poe,that mortal was Roderick Usher.  For me at least--in the
edgar_allan_poe,circumstances then surrounding me--there arose out of the pure
edgar_allan_poe,abstractions which the hypochondriac contrived to throw upon his
edgar_allan_poe,"canvas, an intensity of intolerable awe, no shadow of which felt"
edgar_allan_poe,I ever yet in the contemplation of the certainly glowing yet too
edgar_allan_poe,concrete reveries of Fuseli.
edgar_allan_poe,"One of the phantasmagoric conceptions of my friend,"
edgar_allan_poe,"partaking not so rigidly of the spirit of abstraction, may be"
edgar_allan_poe,"shadowed forth, although feebly, in words.  A small picture"
edgar_allan_poe,presented the interior of an immensely long and rectangular vault
edgar_allan_poe,"or tunnel, with low walls, smooth, white, and without"
edgar_allan_poe,interruption or device.  Certain accessory points of the design
edgar_allan_poe,served well to convey the idea that this excavation lay at an
edgar_allan_poe,exceeding depth below the surface of the earth.  No outlet was
edgar_allan_poe,"observed in any portion of its vast extent, and no torch,"
edgar_allan_poe,or other artificial source of light was discernible; yet a flood
edgar_allan_poe,"of intense rays rolled throughout, and bathed the whole in a"
edgar_allan_poe,ghastly and inappropriate splendour.
edgar_allan_poe,I have just spoken of that morbid condition of the auditory
edgar_allan_poe,"nerve which rendered all music intolerable to the sufferer, with"
edgar_allan_poe,the exception of certain effects of stringed instruments.  It
edgar_allan_poe,"was, perhaps, the narrow limits to which he thus confined himself"
edgar_allan_poe,"upon the guitar, which gave birth, in great measure, to the"
edgar_allan_poe,fantastic character of the performances.  But the fervid
edgar_allan_poe,facility of his impromptus could not be so accounted for.
edgar_allan_poe,"They must have been, and were, in the notes, as well as in the"
edgar_allan_poe,words of his wild fantasias (for he not unfrequently accompanied
edgar_allan_poe,"himself with rhymed verbal improvisations), the result of that"
edgar_allan_poe,intense mental collectedness and concentration to which I have
edgar_allan_poe,previously alluded as observable only in particular moments of
edgar_allan_poe,the highest artificial excitement.  The words of one of these
edgar_allan_poe,"rhapsodies I have easily remembered.  I was, perhaps, the more"
edgar_allan_poe,"forcibly impressed with it, as he gave it, because, in the under"
edgar_allan_poe,"or mystic current of its meaning, I fancied that I perceived, and"
edgar_allan_poe,"for the first time, a full consciousness on the part of Usher, of"
edgar_allan_poe,"the tottering of his lofty reason upon her throne.  The verses,"
edgar_allan_poe,"which were entitled ""The Haunted Palace,"" ran very nearly, if not"
edgar_allan_poe,"accurately, thus:"
edgar_allan_poe,I.
edgar_allan_poe,"In the greenest of our valleys,"
edgar_allan_poe,"By good angels tenanted,"
edgar_allan_poe,Once a fair and stately palace--
edgar_allan_poe,Radiant palace--reared its head.
edgar_allan_poe,In the monarch Thought's dominion--
edgar_allan_poe,It stood there!
edgar_allan_poe,Never seraph spread a pinion
edgar_allan_poe,Over fabric half so fair.
edgar_allan_poe,II.
edgar_allan_poe,"Banners yellow, glorious, golden,"
edgar_allan_poe,On its roof did float and flow;
edgar_allan_poe,(This--all this--was in the olden
edgar_allan_poe,Time long ago)
edgar_allan_poe,"And every gentle air that dallied,"
edgar_allan_poe,"In that sweet day,"
edgar_allan_poe,"Along the ramparts plumed and pallid,"
edgar_allan_poe,A winged odour went away.
edgar_allan_poe,III.
edgar_allan_poe,Wanderers in that happy valley
edgar_allan_poe,Through two luminous windows saw
edgar_allan_poe,Spirits moving musically
edgar_allan_poe,"To a lute's well tuned law,"
edgar_allan_poe,"Round about a throne, where sitting"
edgar_allan_poe,(Porphyrogene!)
edgar_allan_poe,"In state his glory well befitting,"
edgar_allan_poe,The ruler of the realm was seen.
edgar_allan_poe,IV.
edgar_allan_poe,And all with pearl and ruby glowing
edgar_allan_poe,"Was the fair palace door,"
edgar_allan_poe,"Through which came flowing, flowing, flowing"
edgar_allan_poe,"And sparkling evermore,"
edgar_allan_poe,A troop of Echoes whose sweet duty
edgar_allan_poe,"Was but to sing,"
edgar_allan_poe,"In voices of surpassing beauty,"
edgar_allan_poe,The wit and wisdom of their king.
edgar_allan_poe,V.
edgar_allan_poe,"But evil things, in robes of sorrow,"
edgar_allan_poe,Assailed the monarch's high estate;
edgar_allan_poe,"(Ah, let us mourn, for never morrow"
edgar_allan_poe,"Shall dawn upon him, desolate!)"
edgar_allan_poe,"And, round about his home, the glory"
edgar_allan_poe,That blushed and bloomed
edgar_allan_poe,"Is but a dim-remembered story,"
edgar_allan_poe,Of the old time entombed.
edgar_allan_poe,VI.
edgar_allan_poe,"And travellers now within that valley,"
edgar_allan_poe,"Through the red-litten windows, see"
edgar_allan_poe,Vast forms that move fantastically
edgar_allan_poe,To a discordant melody;
edgar_allan_poe,"While, like a rapid ghastly river,"
edgar_allan_poe,"Through the pale door,"
edgar_allan_poe,"A hideous throng rush out forever,"
edgar_allan_poe,And laugh--but smile no more.
edgar_allan_poe,"I well remember that suggestions arising from this ballad,"
edgar_allan_poe,led us into a train of thought wherein there became manifest an
edgar_allan_poe,opinion of Usher's which I mention not so much on account of its
edgar_allan_poe,"novelty (for other men* have thought thus,) as on account of the"
edgar_allan_poe,"pertinacity with which he maintained it.  This opinion, in its"
edgar_allan_poe,"general form, was that of the sentience of all vegetable things."
edgar_allan_poe,"But, in his disordered fancy, the idea had assumed a more daring"
edgar_allan_poe,"character, and trespassed, under certain conditions, upon the"
edgar_allan_poe,kingdom of inorganization.  I lack words to express the full
edgar_allan_poe,"extent, or the earnest abandon of his persuasion.  The"
edgar_allan_poe,"belief, however, was connected (as I have previously hinted) with"
edgar_allan_poe,the gray stones of the home of his forefathers.  The conditions
edgar_allan_poe,"of the sentience had been here, he imagined, fulfilled in the"
edgar_allan_poe,method of collocation of these stones--in the order of their
edgar_allan_poe,"arrangement, as well as in that of the many fungi which"
edgar_allan_poe,"overspread them, and of the decayed trees which stood around--above"
edgar_allan_poe,"all, in the long undisturbed endurance of this arrangement,"
edgar_allan_poe,and in its reduplication in the still waters of the tarn.  Its
edgar_allan_poe,"evidence--the evidence of the sentience--was to be seen, he said,"
edgar_allan_poe,"(and I here started as he spoke,) in the gradual yet certain"
edgar_allan_poe,condensation of an atmosphere of their own about the waters and
edgar_allan_poe,"the walls.  The result was discoverable, he added, in that"
edgar_allan_poe,"silent, yet importunate and terrible influence which for"
edgar_allan_poe,"centuries had moulded the destinies of his family, and which made"
edgar_allan_poe,him what I now saw him--what he was.  Such opinions need no
edgar_allan_poe,"comment, and I will make none."
edgar_allan_poe,"Our books--the books which, for years, had formed no small"
edgar_allan_poe,"portion of the mental existence of the invalid--were, as might be"
edgar_allan_poe,"supposed, in strict keeping with this character of phantasm.  We"
edgar_allan_poe,pored together over such works as the Ververt et Chartreuse
edgar_allan_poe,of Gresset; the Belphegor of Machiavelli; the Heaven and
edgar_allan_poe,Hell of Swedenborg; the Subterranean Voyage of Nicholas Klimm by
edgar_allan_poe,"Holberg; the Chiromancy of Robert Flud, of Jean D'Indagine,"
edgar_allan_poe,and of De la Chambre; the Journey into the Blue Distance of
edgar_allan_poe,Tieck; and the City of the Sun by Campanella.  One favourite
edgar_allan_poe,volume was a small octavo edition of the Directorium
edgar_allan_poe,"Inquisitorum, by the Dominican Eymeric de Gironne; and there"
edgar_allan_poe,"were passages in Pomponius Mela, about the old African Satyrs"
edgar_allan_poe,"and OEgipans, over which Usher would sit dreaming for hours.  His"
edgar_allan_poe,"chief delight, however, was found in the perusal of an"
edgar_allan_poe,exceedingly rare and curious book in quarto Gothic--the manual of
edgar_allan_poe,a forgotten church--the Vigiliae Mortuorum Secundum Chorum Ecclesiae
edgar_allan_poe,Maguntinae.
edgar_allan_poe,"I could not help thinking of the wild ritual of this work,"
edgar_allan_poe,"and of its probable influence upon the hypochondriac, when, one"
edgar_allan_poe,"evening, having informed me abruptly that the lady Madeline was"
edgar_allan_poe,"no more, he stated his intention of preserving her corpse for a"
edgar_allan_poe,"fortnight, (previously to its final interment), in one of the"
edgar_allan_poe,numerous vaults within the main walls of the building.  The
edgar_allan_poe,"worldly reason, however, assigned for this singular proceeding,"
edgar_allan_poe,was one which I did not feel at liberty to dispute.  The brother
edgar_allan_poe,had been led to his resolution (so he told me) by consideration
edgar_allan_poe,"of the unusual character of the malady of the deceased, of"
edgar_allan_poe,certain obtrusive and eager inquiries on the part of her medical
edgar_allan_poe,"men, and of the remote and exposed situation of the burial-ground"
edgar_allan_poe,of the family.  I will not deny that when I called to mind the
edgar_allan_poe,"sinister countenance of the person whom I met upon the staircase,"
edgar_allan_poe,"on the day of my arrival at the house, I had no desire to oppose"
edgar_allan_poe,"what I regarded as at best but a harmless, and by no means an"
edgar_allan_poe,"unnatural, precaution."
edgar_allan_poe,"At the request of Usher, I personally aided him in the"
edgar_allan_poe,arrangements for the temporary entombment.  The body having been
edgar_allan_poe,"encoffined, we two alone bore it to its rest.  The vault in which"
edgar_allan_poe,we placed it (and which had been so long unopened that our
edgar_allan_poe,"torches, half smothered in its oppressive atmosphere, gave us"
edgar_allan_poe,"little opportunity for investigation) was small, damp, and"
edgar_allan_poe,"entirely without means of admission for light; lying, at great"
edgar_allan_poe,"depth, immediately beneath that portion of the building in which"
edgar_allan_poe,"was my own sleeping apartment.  It had been used, apparently, in"
edgar_allan_poe,"remote feudal times, for the worst purposes of a donjon-keep, and,"
edgar_allan_poe,"in later days, as a place of deposit for powder, or some other"
edgar_allan_poe,"highly combustible substance, as a portion of its floor,"
edgar_allan_poe,and the whole interior of a long archway through which we reached
edgar_allan_poe,"it, were carefully sheathed with copper.  The door, of massive"
edgar_allan_poe,"iron, had been, also, similarly protected.  Its immense weight"
edgar_allan_poe,"caused an unusually sharp grating sound, as it moved upon its hinges."
edgar_allan_poe,Having deposited our mournful burden upon tressels within
edgar_allan_poe,"this region of horror, we partially turned aside the yet"
edgar_allan_poe,"unscrewed lid of the coffin, and looked upon the face of the"
edgar_allan_poe,tenant.  A striking similitude between the brother and sister now
edgar_allan_poe,"first arrested my attention; and Usher, divining, perhaps, my"
edgar_allan_poe,"thoughts, murmured out some few words from which I learned that"
edgar_allan_poe,"the deceased and himself had been twins, and that sympathies of a"
edgar_allan_poe,scarcely intelligible nature had always existed between them.
edgar_allan_poe,"Our glances, however, rested not long upon the dead--for we could"
edgar_allan_poe,not regard her unawed.  The disease which had thus entombed the
edgar_allan_poe,"lady in the maturity of youth, had left, as usual in all maladies"
edgar_allan_poe,"of a strictly cataleptical character, the mockery of a faint"
edgar_allan_poe,"blush upon the bosom and the face, and that suspiciously"
edgar_allan_poe,lingering smile upon the lip which is so terrible in death.  We
edgar_allan_poe,"replaced and screwed down the lid, and, having secured the door"
edgar_allan_poe,"of iron, made our way, with toil, into the scarcely less gloomy"
edgar_allan_poe,apartments of the upper portion of the house.
edgar_allan_poe,"And now, some days of bitter grief having elapsed, an"
edgar_allan_poe,observable change came over the features of the mental disorder
edgar_allan_poe,of my friend.  His ordinary manner had vanished.  His ordinary
edgar_allan_poe,occupations were neglected or forgotten.  He roamed from chamber
edgar_allan_poe,"to chamber with hurried, unequal, and objectless step.  The"
edgar_allan_poe,"pallor of his countenance had assumed, if possible, a more"
edgar_allan_poe,ghastly hue--but the luminousness of his eye had utterly gone
edgar_allan_poe,out.  The once occasional huskiness of his tone was heard no
edgar_allan_poe,"more; and a tremulous quaver, as if of extreme terror, habitually"
edgar_allan_poe,"characterized his utterance.  There were times, indeed, when I"
edgar_allan_poe,thought his unceasingly agitated mind was labouring with some
edgar_allan_poe,"oppressive secret, to divulge which he struggled for the"
edgar_allan_poe,"necessary courage.  At times, again, I was obliged to resolve all"
edgar_allan_poe,"into the mere inexplicable vagaries of madness, for I beheld him"
edgar_allan_poe,"gazing upon vacancy for long hours, in an attitude of the"
edgar_allan_poe,"profoundest attention, as if listening to some imaginary"
edgar_allan_poe,sound.  It was no wonder that his condition terrified--that it
edgar_allan_poe,"infected me.  I felt creeping upon me, by slow yet certain"
edgar_allan_poe,"degrees, the wild influences of his own fantastic yet impressive"
edgar_allan_poe,superstitions.
edgar_allan_poe,"It was, especially, upon retiring to bed late in the night"
edgar_allan_poe,of the seventh or eighth day after the placing of the lady
edgar_allan_poe,"Madeline within the donjon, that I experienced the full power of"
edgar_allan_poe,such feelings.  Sleep came not near my couch--while the hours
edgar_allan_poe,waned and waned away.  I struggled to reason off the nervousness
edgar_allan_poe,"which had dominion over me.  I endeavoured to believe that much,"
edgar_allan_poe,"if not all of what I felt, was due to the bewildering influence"
edgar_allan_poe,of the gloomy furniture of the room--of the dark and tattered
edgar_allan_poe,"draperies, which, tortured into motion by the breath of a rising"
edgar_allan_poe,"tempest, swayed fitfully to and fro upon the walls, and rustled"
edgar_allan_poe,uneasily about the decorations of the bed.  But my efforts were
edgar_allan_poe,fruitless.  An irrepressible tremor gradually pervaded my frame;
edgar_allan_poe,"and, at length, there sat upon my very heart an incubus of"
edgar_allan_poe,utterly causeless alarm.  Shaking this off with a gasp and a
edgar_allan_poe,"struggle, I uplifted myself upon the pillows, and, peering"
edgar_allan_poe,"earnestly within the intense darkness of the chamber, hearkened--I"
edgar_allan_poe,"know not why, except that an instinctive spirit prompted me--to"
edgar_allan_poe,"certain low and indefinite sounds which came, through the pauses"
edgar_allan_poe,"of the storm, at long intervals, I knew not whence.  Overpowered"
edgar_allan_poe,"by an intense sentiment of horror, unaccountable yet unendurable,"
edgar_allan_poe,I threw on my clothes with haste (for I felt that I should sleep
edgar_allan_poe,"no more during the night,) and endeavoured to arouse myself from"
edgar_allan_poe,"the pitiable condition into which I had fallen, by pacing rapidly"
edgar_allan_poe,to and fro through the apartment.
edgar_allan_poe,"I had taken but few turns in this manner, when a light step"
edgar_allan_poe,on an adjoining staircase arrested my attention.  I presently
edgar_allan_poe,recognized it as that of Usher.  In an instant afterwards he
edgar_allan_poe,"rapped, with a gentle touch, at my door, and entered, bearing a"
edgar_allan_poe,"lamp.  His countenance was, as usual, cadaverously wan--but,"
edgar_allan_poe,"moreover, there was a species of mad hilarity in his eyes--an"
edgar_allan_poe,evidently restrained hysteria in his whole demeanour.  His
edgar_allan_poe,air appalled me--but anything was preferable to the solitude
edgar_allan_poe,"which I had so long endured, and I even welcomed his presence as"
edgar_allan_poe,a relief.
edgar_allan_poe,"""And you have not seen it?"" he said abruptly, after having"
edgar_allan_poe,"stared about him for some moments in silence--""you have"
edgar_allan_poe,"not then seen it?--but, stay! you shall.""  Thus speaking, and"
edgar_allan_poe,"having carefully shaded his lamp, he hurried to one of the"
edgar_allan_poe,"casements, and threw it freely open to the storm."
edgar_allan_poe,The impetuous fury of the entering gust nearly lifted us
edgar_allan_poe,"from our feet.  It was, indeed, a tempestuous yet sternly"
edgar_allan_poe,"beautiful night, and one wildly singular in its terror and its"
edgar_allan_poe,beauty.  A whirlwind had apparently collected its force in our
edgar_allan_poe,vicinity; for there were frequent and violent alterations in the
edgar_allan_poe,direction of the wind; and the exceeding density of the clouds
edgar_allan_poe,(which hung so low as to press upon the turrets of the house) did
edgar_allan_poe,not prevent our perceiving the lifelike velocity with which they
edgar_allan_poe,"flew careering from all points against each other, without"
edgar_allan_poe,passing away into the distance.  I say that even their exceeding
edgar_allan_poe,density did not prevent our perceiving this--yet we had no
edgar_allan_poe,glimpse of the moon or stars--nor was there any flashing forth of
edgar_allan_poe,the lightning.  But the under surfaces of the huge masses of
edgar_allan_poe,"agitated vapor, as well as all terrestrial objects immediately"
edgar_allan_poe,"around us, were glowing in the unnatural light of a faintly"
edgar_allan_poe,luminous and distinctly visible gaseous exhalation which hung
edgar_allan_poe,about and enshrouded the mansion.
edgar_allan_poe,"""You must not--you shall not behold this!"" said I,"
edgar_allan_poe,"shudderingly, to Usher, as I led him, with a gentle violence,"
edgar_allan_poe,"from the window to a seat.  ""These appearances, which bewilder"
edgar_allan_poe,"you, are merely electrical phenomena not uncommon--or it may be"
edgar_allan_poe,that they have their ghastly origin in the rank miasma of the
edgar_allan_poe,tarn.  Let us close this casement;--the air is chilling and
edgar_allan_poe,dangerous to your frame.  Here is one of your favourite romances.
edgar_allan_poe,"I will read, and you shall listen;--and so we will pass away this"
edgar_allan_poe,"terrible night together."""
edgar_allan_poe,"The antique volume which I had taken up was the ""Mad"
edgar_allan_poe,"Trist"" of Sir Launcelot Canning; but I had called it a favourite"
edgar_allan_poe,"of Usher's more in sad jest than in earnest; for, in truth, there"
edgar_allan_poe,is little in its uncouth and unimaginative prolixity which could
edgar_allan_poe,have had interest for the lofty and spiritual ideality of my
edgar_allan_poe,"friend.  It was, however, the only book immediately at hand; and"
edgar_allan_poe,I indulged a vague hope that the excitement which now agitated
edgar_allan_poe,"the hypochondriac, might find relief (for the history of mental"
edgar_allan_poe,disorder is full of similar anomalies) even in the extremeness of
edgar_allan_poe,"the folly which I should read.  Could I have judged, indeed, by"
edgar_allan_poe,the wild overstrained air of vivacity with which he
edgar_allan_poe,"hearkened, or apparently hearkened, to the words of the tale, I"
edgar_allan_poe,might well have congratulated myself upon the success of my
edgar_allan_poe,design.
edgar_allan_poe,I had arrived at that well-known portion of the story where
edgar_allan_poe,"Ethelred, the hero of the Trist, having sought in vain for"
edgar_allan_poe,"peaceable admission into the dwelling of the hermit, proceeds to"
edgar_allan_poe,"make good an entrance by force.  Here, it will be remembered, the"
edgar_allan_poe,words of the narrative run thus:
edgar_allan_poe,"""And Ethelred, who was by nature of a doughty heart, and who"
edgar_allan_poe,"was now mighty withal, on account of the powerfulness of the wine"
edgar_allan_poe,"which he had drunken, waited no longer to hold parley with the"
edgar_allan_poe,"hermit, who, in sooth, was of an obstinate and maliceful turn,"
edgar_allan_poe,"but, feeling the rain upon his shoulders, and fearing the rising"
edgar_allan_poe,"of the tempest, uplifted his mace outright, and, with blows, made"
edgar_allan_poe,quickly room in the plankings of the door for his gauntleted
edgar_allan_poe,"hand; and now pulling therewith sturdily, he so cracked, and"
edgar_allan_poe,"ripped, and tore all asunder, that the noise of the dry and"
edgar_allan_poe,hollow-sounding wood alarmed and reverberated throughout the
edgar_allan_poe,"forest."""
edgar_allan_poe,"At the termination of this sentence I started, and for a"
edgar_allan_poe,"moment, paused; for it appeared to me (although I at once"
edgar_allan_poe,concluded that my excited fancy had deceived me)--it appeared to
edgar_allan_poe,"me that, from some very remote portion of the mansion, there"
edgar_allan_poe,"came, indistinctly, to my ears, what might have been, in its"
edgar_allan_poe,"exact similarity of character, the echo (but a stifled and dull"
edgar_allan_poe,one certainly) of the very cracking and ripping sound which Sir
edgar_allan_poe,"Launcelot had so particularly described.  It was, beyond doubt,"
edgar_allan_poe,"the coincidence alone which had arrested my attention; for, amid"
edgar_allan_poe,"the rattling of the sashes of the casements, and the ordinary"
edgar_allan_poe,"commingled noises of the still increasing storm, the sound, in"
edgar_allan_poe,"itself, had nothing, surely, which should have interested or"
edgar_allan_poe,disturbed me.  I continued the story:
edgar_allan_poe,"""But the good champion Ethelred, now entering within the"
edgar_allan_poe,"door, was sore enraged and amazed to perceive no signal of the"
edgar_allan_poe,"maliceful hermit; but, in the stead thereof, a dragon of a scaly"
edgar_allan_poe,"and prodigious demeanour, and of a fiery tongue, which sate in"
edgar_allan_poe,"guard before a palace of gold, with a floor of silver; and upon"
edgar_allan_poe,the wall there hung a shield of shining brass with this legend
edgar_allan_poe,enwritten--
edgar_allan_poe,"Who entereth herein, a conquerer hath bin;"
edgar_allan_poe,"Who slayeth the dragon, the shield he shall win;"
edgar_allan_poe,"and Ethelred uplifted his mace, and struck upon the head of the"
edgar_allan_poe,"dragon, which fell before him, and gave up his pesty breath, with"
edgar_allan_poe,"a shriek so horrid and harsh, and withal so piercing, that"
edgar_allan_poe,Ethelred had fain to close his ears with his hands against the
edgar_allan_poe,"dreadful noise of it, the like whereof was never before heard."""
edgar_allan_poe,"Here again I paused abruptly, and now with a feeling of wild"
edgar_allan_poe,"amazement--for there could be no doubt whatever that, in this"
edgar_allan_poe,"instance, I did actually hear (although from what direction it"
edgar_allan_poe,proceeded I found it impossible to say) a low and apparently
edgar_allan_poe,"distant, but harsh, protracted, and most unusual screaming or"
edgar_allan_poe,grating sound--the exact counterpart of what my fancy had already
edgar_allan_poe,conjured up for the dragon's unnatural shriek as described by the
edgar_allan_poe,romancer.
edgar_allan_poe,"Oppressed, as I certainly was, upon the occurrence of the"
edgar_allan_poe,"second and most extraordinary coincidence, by a thousand"
edgar_allan_poe,"conflicting sensations, in which wonder and extreme terror were"
edgar_allan_poe,"predominant, I still retained sufficient presence of mind to"
edgar_allan_poe,"avoid exciting, by any observation, the sensitive nervousness of"
edgar_allan_poe,my companion.  I was by no means certain that he had noticed the
edgar_allan_poe,"sounds in question; although, assuredly, a strange alteration"
edgar_allan_poe,"had, during the last few minutes, taken place in his demeanour."
edgar_allan_poe,"From a position fronting my own, he had gradually brought round"
edgar_allan_poe,"his chair, so as to sit with his face to the door of the chamber;"
edgar_allan_poe,"and thus I could but partially perceive his features, although I"
edgar_allan_poe,saw that his lips trembled as if he were murmuring inaudibly.
edgar_allan_poe,His head had dropped upon his breast--yet I knew that he was not
edgar_allan_poe,"asleep, from the wide and rigid opening of the eye as I caught a"
edgar_allan_poe,"glance of it in profile.  The motion of his body, too, was at"
edgar_allan_poe,variance with this idea--for he rocked from side to side with a
edgar_allan_poe,gentle yet constant and uniform sway.  Having rapidly taken
edgar_allan_poe,"notice of all this, I resumed the narrative of Sir Launcelot,"
edgar_allan_poe,which thus proceeded:
edgar_allan_poe,"""And now, the champion, having escaped from the terrible"
edgar_allan_poe,"fury of the dragon, bethinking himself of the brazen shield, and"
edgar_allan_poe,"of the breaking up of the enchantment which was upon it, removed"
edgar_allan_poe,"the carcass from out of the way before him, and approached"
edgar_allan_poe,valorously over the silver pavement of the castle to where
edgar_allan_poe,the shield was upon the wall; which in sooth tarried not for his
edgar_allan_poe,"full coming, but fell down at his feet upon the silver floor,"
edgar_allan_poe,"with a mighty great and terrible ringing sound."""
edgar_allan_poe,"No sooner had these syllables passed my lips, than--as if a"
edgar_allan_poe,"shield of brass had indeed, at the moment, fallen heavily upon a"
edgar_allan_poe,"floor of silver--I became aware of a distinct, hollow, metallic,"
edgar_allan_poe,"and clangorous, yet apparently muffled reverberation.  Completely"
edgar_allan_poe,"unnerved, I leaped to my feet; but the measured rocking movement"
edgar_allan_poe,of Usher was undisturbed.  I rushed to the chair in which he sat.
edgar_allan_poe,"His eyes were bent fixedly before him, and throughout his whole"
edgar_allan_poe,"countenance there reigned a stony rigidity.  But, as I placed my"
edgar_allan_poe,"hand upon his shoulder, there came a strong shudder over his"
edgar_allan_poe,whole person; a sickly smile quivered about his lips; and I saw
edgar_allan_poe,"that he spoke in a low, hurried, and gibbering murmur, as if"
edgar_allan_poe,"unconscious of my presence.  Bending closely over him, I at"
edgar_allan_poe,length drank in the hideous import of his words.
edgar_allan_poe,"""Not hear it?--yes, I hear it, and have heard it."
edgar_allan_poe,"Long--long--long--many minutes, many hours, many days, have I heard"
edgar_allan_poe,"it--yet I dared not--oh, pity me, miserable wretch that I am!--I"
edgar_allan_poe,dared not--I dared not speak!  We have put her living in
edgar_allan_poe,the tomb!  Said I not that my senses were acute?  I now tell
edgar_allan_poe,you that I heard her first feeble movements in the hollow coffin.
edgar_allan_poe,"I heard them--many, many days ago--yet I dared not--I dared"
edgar_allan_poe,not speak!  And now--to-night--Ethelred--ha! ha!--the breaking
edgar_allan_poe,"of the hermit's door, and the death-cry of the dragon, and the"
edgar_allan_poe,"clangour of the shield!--say, rather, the rending of her coffin,"
edgar_allan_poe,"and the grating of the iron hinges of her prison, and her"
edgar_allan_poe,struggles within the coppered archway of the vault!  Oh whither
edgar_allan_poe,shall I fly?  Will she not be here anon?  Is she not hurrying to
edgar_allan_poe,upbraid me for my haste?  Have I not heard her footsteps on the
edgar_allan_poe,stair?  Do I not distinguish that heavy and horrible beating of
edgar_allan_poe,"her heart?  Madman!"" here he sprang furiously to his feet, and"
edgar_allan_poe,"shrieked out his syllables, as if in the effort he were giving up"
edgar_allan_poe,"his soul--""Madman!  I tell you that she now stands without the"
edgar_allan_poe,"door!"""
edgar_allan_poe,As if in the superhuman energy of his utterance there had
edgar_allan_poe,been found the potency of a spell--the huge antique panels to
edgar_allan_poe,"which the speaker pointed, threw slowly back, upon the instant,"
edgar_allan_poe,their ponderous and ebony jaws.  It was the work of the
edgar_allan_poe,rushing gust--but then without those doors there DID stand the
edgar_allan_poe,lofty and enshrouded figure of the lady Madeline of Usher.  There
edgar_allan_poe,"was blood upon her white robes, and the evidence of some bitter"
edgar_allan_poe,struggle upon every portion of her emaciated frame.  For a moment
edgar_allan_poe,"she remained trembling and reeling to and fro upon the threshold,--then,"
edgar_allan_poe,"with a low moaning cry, fell heavily inward upon the person"
edgar_allan_poe,"of her brother, and in her violent and now final death-agonies,"
edgar_allan_poe,"bore him to the floor a corpse, and a victim to the terrors he"
edgar_allan_poe,had anticipated.
edgar_allan_poe,"From that chamber, and from that mansion, I fled aghast."
edgar_allan_poe,The storm was still abroad in all its wrath as I found myself
edgar_allan_poe,crossing the old causeway.  Suddenly there shot along the path a
edgar_allan_poe,"wild light, and I turned to see whence a gleam so unusual could"
edgar_allan_poe,have issued; for the vast house and its shadows were alone behind
edgar_allan_poe,"me.  The radiance was that of the full, setting, and blood-red"
edgar_allan_poe,moon which now shone vividly through that once barely-discernible
edgar_allan_poe,fissure of which I have before spoken as extending from the roof
edgar_allan_poe,"of the building, in a zigzag direction, to the base.  While I"
edgar_allan_poe,"gazed, this fissure rapidly widened--there came a fierce breath"
edgar_allan_poe,of the whirlwind--the entire orb of the satellite burst at once
edgar_allan_poe,upon my sight--my brain reeled as I saw the mighty walls rushing
edgar_allan_poe,asunder--there was a long tumultuous shouting sound like the
edgar_allan_poe,voice of a thousand waters--and the deep and dank tarn at my feet
edgar_allan_poe,"closed sullenly and silently over the fragments of the ""House of"
edgar_allan_poe,"Usher""."
edgar_allan_poe,"* Watson, Dr Percival, Spallanzani, and especially the Bishop of Landaff."
