edgar_allan_poe,The Cask of Amontillado
edgar_allan_poe,by
edgar_allan_poe,Edgar Allan Poe
edgar_allan_poe,"The thousand injuries of Fortunato I had borne as I best could, but"
edgar_allan_poe,"when he ventured upon insult, I vowed revenge.  You, who so well know"
edgar_allan_poe,"the nature of my soul, will not suppose, however, that I gave utterance"
edgar_allan_poe,to a threat.  _At length_ I would be avenged; this was a point definitely
edgar_allan_poe,"settled--but the very definitiveness with which it was resolved,"
edgar_allan_poe,"precluded the idea of risk.  I must not only punish, but punish with"
edgar_allan_poe,impunity.  A wrong is unredressed when retribution overtakes its
edgar_allan_poe,redresser.  It is equally unredressed when the avenger fails to make
edgar_allan_poe,himself felt as such to him who has done the wrong.
edgar_allan_poe,It must be understood that neither by word nor deed had I given
edgar_allan_poe,"Fortunato cause to doubt my good will.  I continued, as was my wont, to"
edgar_allan_poe,"smile in his face, and he did not perceive that my smile _now_ was at"
edgar_allan_poe,the thought of his immolation.
edgar_allan_poe,He had a weak point--this Fortunato--although in other regards he was a
edgar_allan_poe,man to be respected and even feared.  He prided himself on his
edgar_allan_poe,connoisseurship in wine.  Few Italians have the true virtuoso spirit.
edgar_allan_poe,For the most part their enthusiasm is adopted to suit the time and
edgar_allan_poe,opportunity--to practise imposture upon the British and Austrian
edgar_allan_poe,"_millionaires_.  In painting and gemmary, Fortunato, like his countrymen,"
edgar_allan_poe,was a quack--but in the matter of old wines he was sincere.  In this
edgar_allan_poe,respect I did not differ from him materially: I was skillful in the
edgar_allan_poe,"Italian vintages myself, and bought largely whenever I could."
edgar_allan_poe,"It was about dusk, one evening during the supreme madness of the"
edgar_allan_poe,"carnival season, that I encountered my friend.  He accosted me with"
edgar_allan_poe,"excessive warmth, for he had been drinking much.  The man wore motley."
edgar_allan_poe,"He had on a tight-fitting parti-striped dress, and his head was"
edgar_allan_poe,"surmounted by the conical cap and bells.  I was so pleased to see him,"
edgar_allan_poe,that I thought I should never have done wringing his hand.
edgar_allan_poe,"I said to him--""My dear Fortunato, you are luckily met.  How remarkably"
edgar_allan_poe,well you are looking to-day!  But I have received a pipe of what passes
edgar_allan_poe,"for Amontillado, and I have my doubts."""
edgar_allan_poe,"""How?"" said he.  ""Amontillado?  A pipe?  Impossible!  And in the middle"
edgar_allan_poe,"of the carnival!"""
edgar_allan_poe,"""I have my doubts,"" I replied; ""and I was silly enough to pay the full"
edgar_allan_poe,Amontillado price without consulting you in the matter. You were not to
edgar_allan_poe,"be found, and I was fearful of losing a bargain."""
edgar_allan_poe,"""Amontillado!"""
edgar_allan_poe,"""I have my doubts."""
edgar_allan_poe,"""Amontillado!"""
edgar_allan_poe,"""And I must satisfy them."""
edgar_allan_poe,"""Amontillado!"""
edgar_allan_poe,"""As you are engaged, I am on my way to Luchesi.  If any one has a"
edgar_allan_poe,"critical turn, it is he.  He will tell me--"""
edgar_allan_poe,"""Luchesi cannot tell Amontillado from Sherry."""
edgar_allan_poe,"""And yet some fools will have it that his taste is a match for your"
edgar_allan_poe,"own."""
edgar_allan_poe,"""Come, let us go."""
edgar_allan_poe,"""Whither?"""
edgar_allan_poe,"""To your vaults."""
edgar_allan_poe,"""My friend, no; I will not impose upon your good nature.  I perceive"
edgar_allan_poe,"you have an engagement.  Luchesi--"""
edgar_allan_poe,"""I have no engagement;--come."""
edgar_allan_poe,"""My friend, no.  It is not the engagement, but the severe cold with"
edgar_allan_poe,which I perceive you are afflicted.  The vaults are insufferably damp.
edgar_allan_poe,"They are encrusted with nitre."""
edgar_allan_poe,"""Let us go, nevertheless.  The cold is merely nothing. Amontillado!"
edgar_allan_poe,"You have been imposed upon.  And as for Luchesi, he cannot distinguish"
edgar_allan_poe,"Sherry from Amontillado."""
edgar_allan_poe,"Thus speaking, Fortunato possessed himself of my arm. Putting on a mask"
edgar_allan_poe,"of black silk, and drawing a _roquelaire_ closely about my person, I"
edgar_allan_poe,suffered him to hurry me to my palazzo.
edgar_allan_poe,There were no attendants at home; they had absconded to make merry in
edgar_allan_poe,honour of the time.  I had told them that I should not return until the
edgar_allan_poe,"morning, and had given them explicit orders not to stir from the house."
edgar_allan_poe,"These orders were sufficient, I well knew, to insure their immediate"
edgar_allan_poe,"disappearance, one and all, as soon as my back was turned."
edgar_allan_poe,"I took from their sconces two flambeaux, and giving one to Fortunato,"
edgar_allan_poe,bowed him through several suites of rooms to the archway that led into
edgar_allan_poe,"the vaults.  I passed down a long and winding staircase, requesting him"
edgar_allan_poe,to be cautious as he followed. We came at length to the foot of the
edgar_allan_poe,"descent, and stood together on the damp ground of the catacombs of the"
edgar_allan_poe,Montresors.
edgar_allan_poe,"The gait of my friend was unsteady, and the bells upon his cap jingled"
edgar_allan_poe,as he strode.
edgar_allan_poe,"""The pipe,"" said he."
edgar_allan_poe,"""It is farther on,"" said I; ""but observe the white web-work which"
edgar_allan_poe,"gleams from these cavern walls."""
edgar_allan_poe,"He turned towards me, and looked into my eyes with two filmy orbs that"
edgar_allan_poe,distilled the rheum of intoxication.
edgar_allan_poe,"""Nitre?"" he asked, at length."
edgar_allan_poe,"""Nitre,"" I replied.  ""How long have you had that cough?"""
edgar_allan_poe,"""Ugh! ugh! ugh!--ugh! ugh! ugh!--ugh! ugh! ugh!--ugh! ugh! ugh!--ugh!"
edgar_allan_poe,"ugh! ugh!"""
edgar_allan_poe,My poor friend found it impossible to reply for many minutes.
edgar_allan_poe,"""It is nothing,"" he said, at last."
edgar_allan_poe,"""Come,"" I said, with decision, ""we will go back; your health is"
edgar_allan_poe,"precious.  You are rich, respected, admired, beloved; you are happy, as"
edgar_allan_poe,once I was.  You are a man to be missed.  For me it is no matter.  We
edgar_allan_poe,"will go back; you will be ill, and I cannot be responsible.  Besides,"
edgar_allan_poe,"there is Luchesi--"""
edgar_allan_poe,"""Enough,"" he said; ""the cough is a mere nothing; it will not kill me."
edgar_allan_poe,"I shall not die of a cough."""
edgar_allan_poe,"""True--true,"" I replied; ""and, indeed, I had no intention of alarming"
edgar_allan_poe,you unnecessarily--but you should use all proper caution. A draught of
edgar_allan_poe,"this Medoc will defend us from the damps."""
edgar_allan_poe,Here I knocked off the neck of a bottle which I drew from a long row of
edgar_allan_poe,its fellows that lay upon the mould.
edgar_allan_poe,"""Drink,"" I said, presenting him the wine."
edgar_allan_poe,He raised it to his lips with a leer.  He paused and nodded to me
edgar_allan_poe,"familiarly, while his bells jingled."
edgar_allan_poe,"""I drink,"" he said, ""to the buried that repose around us."""
edgar_allan_poe,"""And I to your long life."""
edgar_allan_poe,"He again took my arm, and we proceeded."
edgar_allan_poe,"""These vaults,"" he said, ""are extensive."""
edgar_allan_poe,"""The Montresors,"" I replied, ""were a great and numerous family."""
edgar_allan_poe,"""I forget your arms."""
edgar_allan_poe,"""A huge human foot d'or, in a field azure; the foot crushes a serpent"
edgar_allan_poe,"rampant whose fangs are imbedded in the heel."""
edgar_allan_poe,"""And the motto?"""
edgar_allan_poe,"""_Nemo me impune lacessit_."""
edgar_allan_poe,"""Good!"" he said."
edgar_allan_poe,The wine sparkled in his eyes and the bells jingled.  My own fancy grew
edgar_allan_poe,"warm with the Medoc.  We had passed through walls of piled bones, with"
edgar_allan_poe,"casks and puncheons intermingling, into the inmost recesses of"
edgar_allan_poe,"catacombs.  I paused again, and this time I made bold to seize"
edgar_allan_poe,Fortunato by an arm above the elbow.
edgar_allan_poe,"""The nitre!"" I said; ""see, it increases.  It hangs like moss upon the"
edgar_allan_poe,vaults.  We are below the river's bed.  The drops of moisture trickle
edgar_allan_poe,"among the bones.  Come, we will go back ere it is too late.  Your"
edgar_allan_poe,"cough--"""
edgar_allan_poe,"""It is nothing,"" he said; ""let us go on.  But first, another draught of"
edgar_allan_poe,"the Medoc."""
edgar_allan_poe,I broke and reached him a flagon of De Grave.  He emptied it at a
edgar_allan_poe,breath.  His eyes flashed with a fierce light.  He laughed and threw
edgar_allan_poe,the bottle upwards with a gesticulation I did not understand.
edgar_allan_poe,I looked at him in surprise.  He repeated the movement--a grotesque one.
edgar_allan_poe,"""You do not comprehend?"" he said."
edgar_allan_poe,"""Not I,"" I replied."
edgar_allan_poe,"""Then you are not of the brotherhood."""
edgar_allan_poe,"""How?"""
edgar_allan_poe,"""You are not of the masons."""
edgar_allan_poe,"""Yes, yes,"" I said; ""yes, yes."""
edgar_allan_poe,"""You?  Impossible!  A mason?"""
edgar_allan_poe,"""A mason,"" I replied."
edgar_allan_poe,"""A sign,"" he said, ""a sign."""
edgar_allan_poe,"""It is this,"" I answered, producing a trowel from beneath the folds of"
edgar_allan_poe,my _roquelaire_.
edgar_allan_poe,"""You jest,"" he exclaimed, recoiling a few paces.  ""But let us proceed"
edgar_allan_poe,"to the Amontillado."""
edgar_allan_poe,"""Be it so,"" I said, replacing the tool beneath the cloak and again"
edgar_allan_poe,offering him my arm.  He leaned upon it heavily.  We continued our
edgar_allan_poe,route in search of the Amontillado.  We passed through a range of low
edgar_allan_poe,"arches, descended, passed on, and descending again, arrived at a deep"
edgar_allan_poe,"crypt, in which the foulness of the air caused our flambeaux rather to"
edgar_allan_poe,glow than flame.
edgar_allan_poe,At the most remote end of the crypt there appeared another less
edgar_allan_poe,"spacious.  Its walls had been lined with human remains, piled to the"
edgar_allan_poe,"vault overhead, in the fashion of the great catacombs of Paris.  Three"
edgar_allan_poe,sides of this interior crypt were still ornamented in this manner.
edgar_allan_poe,"From the fourth side the bones had been thrown down, and lay"
edgar_allan_poe,"promiscuously upon the earth, forming at one point a mound of some"
edgar_allan_poe,"size.  Within the wall thus exposed by the displacing of the bones, we"
edgar_allan_poe,"perceived a still interior recess, in depth about four feet in width"
edgar_allan_poe,"three, in height six or seven.  It seemed to have been constructed for"
edgar_allan_poe,"no especial use within itself, but formed merely the interval between"
edgar_allan_poe,"two of the colossal supports of the roof of the catacombs, and was"
edgar_allan_poe,backed by one of their circumscribing walls of solid granite.
edgar_allan_poe,"It was in vain that Fortunato, uplifting his dull torch, endeavoured to"
edgar_allan_poe,pry into the depth of the recess.  Its termination the feeble light did
edgar_allan_poe,not enable us to see.
edgar_allan_poe,"""Proceed,"" I said; ""herein is the Amontillado.  As for Luchesi--"""
edgar_allan_poe,"""He is an ignoramus,"" interrupted my friend, as he stepped unsteadily"
edgar_allan_poe,"forward, while I followed immediately at his heels.  In an instant he"
edgar_allan_poe,"had reached the extremity of the niche, and finding his progress"
edgar_allan_poe,"arrested by the rock, stood stupidly bewildered.  A moment more and I"
edgar_allan_poe,"had fettered him to the granite.  In its surface were two iron staples,"
edgar_allan_poe,"distant from each other about two feet, horizontally.  From one of"
edgar_allan_poe,"these depended a short chain, from the other a padlock.  Throwing the"
edgar_allan_poe,"links about his waist, it was but the work of a few seconds to secure"
edgar_allan_poe,it.  He was too much astounded to resist.  Withdrawing the key I
edgar_allan_poe,stepped back from the recess.
edgar_allan_poe,"""Pass your hand,"" I said, ""over the wall; you cannot help feeling the"
edgar_allan_poe,"nitre.  Indeed, it is _very_ damp.  Once more let me _implore_ you to"
edgar_allan_poe,return.  No?  Then I must positively leave you.  But I must first
edgar_allan_poe,"render you all the little attentions in my power."""
edgar_allan_poe,"""The Amontillado!"" ejaculated my friend, not yet recovered from his"
edgar_allan_poe,astonishment.
edgar_allan_poe,"""True,"" I replied; ""the Amontillado."""
edgar_allan_poe,As I said these words I busied myself among the pile of bones of which
edgar_allan_poe,"I have before spoken.  Throwing them aside, I soon uncovered a quantity"
edgar_allan_poe,of building stone and mortar.  With these materials and with the aid of
edgar_allan_poe,"my trowel, I began vigorously to wall up the entrance of the niche."
edgar_allan_poe,I had scarcely laid the first tier of the masonry when I discovered
edgar_allan_poe,that the intoxication of Fortunato had in a great measure worn off. The
edgar_allan_poe,earliest indication I had of this was a low moaning cry from the depth
edgar_allan_poe,of the recess.  It was _not_ the cry of a drunken man. There was then a
edgar_allan_poe,"long and obstinate silence.  I laid the second tier, and the third, and"
edgar_allan_poe,the fourth; and then I heard the furious vibrations of the chain.  The
edgar_allan_poe,"noise lasted for several minutes, during which, that I might hearken to"
edgar_allan_poe,"it with the more satisfaction, I ceased my labours and sat down upon"
edgar_allan_poe,"the bones. When at last the clanking subsided, I resumed the trowel,"
edgar_allan_poe,"and finished without interruption the fifth, the sixth, and the seventh"
edgar_allan_poe,tier.  The wall was now nearly upon a level with my breast.  I again
edgar_allan_poe,"paused, and holding the flambeaux over the mason-work, threw a few"
edgar_allan_poe,feeble rays upon the figure within.
edgar_allan_poe,"A succession of loud and shrill screams, bursting suddenly from the"
edgar_allan_poe,"throat of the chained form, seemed to thrust me violently back.  For a"
edgar_allan_poe,"brief moment I hesitated--I trembled.  Unsheathing my rapier, I began"
edgar_allan_poe,to grope with it about the recess; but the thought of an instant
edgar_allan_poe,"reassured me.  I placed my hand upon the solid fabric of the catacombs,"
edgar_allan_poe,and felt satisfied.  I reapproached the wall; I replied to the yells of
edgar_allan_poe,him who clamoured.  I re-echoed--I aided--I surpassed them in volume
edgar_allan_poe,"and in strength.  I did this, and the clamourer grew still."
edgar_allan_poe,"It was now midnight, and my task was drawing to a close.  I had"
edgar_allan_poe,"completed the eighth, the ninth, and the tenth tier.  I had finished a"
edgar_allan_poe,portion of the last and the eleventh; there remained but a single stone
edgar_allan_poe,to be fitted and plastered in.  I struggled with its weight; I placed
edgar_allan_poe,it partially in its destined position.  But now there came from out the
edgar_allan_poe,niche a low laugh that erected the hairs upon my head.  It was
edgar_allan_poe,"succeeded by a sad voice, which I had difficulty in recognizing as that"
edgar_allan_poe,of the noble Fortunato.  The voice said--
edgar_allan_poe,"""Ha! ha! ha!--he! he! he!--a very good joke indeed--an excellent jest."
edgar_allan_poe,We shall have many a rich laugh about it at the palazzo--he! he!
edgar_allan_poe,"he!--over our wine--he! he! he!"""
edgar_allan_poe,"""The Amontillado!"" I said."
edgar_allan_poe,"""He! he! he!--he! he! he!--yes, the Amontillado.  But is it not getting"
edgar_allan_poe,"late?  Will not they be awaiting us at the palazzo, the Lady Fortunato"
edgar_allan_poe,"and the rest?  Let us be gone."""
edgar_allan_poe,"""Yes,"" I said, ""let us be gone."""
edgar_allan_poe,"""_For the love of God, Montresor!_"""
edgar_allan_poe,"""Yes,"" I said, ""for the love of God!"""
edgar_allan_poe,But to these words I hearkened in vain for a reply.  I grew impatient.
edgar_allan_poe,I called aloud--
edgar_allan_poe,"""Fortunato!"""
edgar_allan_poe,No answer.  I called again--
edgar_allan_poe,"""Fortunato--"""
edgar_allan_poe,No answer still.  I thrust a torch through the remaining aperture and
edgar_allan_poe,let it fall within.  There came forth in reply only a jingling of the
edgar_allan_poe,bells.  My heart grew sick on account of the dampness of the catacombs.
edgar_allan_poe,I hastened to make an end of my labour.  I forced the last stone into
edgar_allan_poe,its position; I plastered it up.  Against the new masonry I re-erected
edgar_allan_poe,the old rampart of bones.  For the half of a century no mortal has
edgar_allan_poe,disturbed them.  _In pace requiescat!_
