robert_frost,A BOY'S WILL
robert_frost,By Robert Frost
robert_frost,CONTENTS
robert_frost,Part I
robert_frost,Into My Own
robert_frost,The youth is persuaded that he will be rather more than less himself
robert_frost,for having forsworn the world.
robert_frost,Ghost House
robert_frost,He is happy in society of his choosing.
robert_frost,My November Guest
robert_frost,He is in love with being misunderstood.
robert_frost,Love and a Question
robert_frost,He is in doubt whether to admit real trouble to a place beside the
robert_frost,hearth with love.
robert_frost,A Late Walk
robert_frost,He courts the autumnal mood.
robert_frost,Stars
robert_frost,There is no oversight of human affairs.
robert_frost,Storm Fear
robert_frost,He is afraid of his own isolation.
robert_frost,Wind and Window Flower
robert_frost,Out of the winter things he fashions a story of modern love.
robert_frost,To the Thawing Wind (audio)
robert_frost,He calls on change through the violence of the elements.
robert_frost,A Prayer in Spring
robert_frost,He discovers that the greatness of love lies not in forward-looking
robert_frost,thoughts;
robert_frost,Flower-gathering
robert_frost,nor yet in any spur it may be to ambition.
robert_frost,Rose Pogonias
robert_frost,He is no dissenter from the ritualism of nature;
robert_frost,Asking for Roses
robert_frost,nor from the ritualism of youth which is make-believe.
robert_frost,Waiting--Afield at Dusk
robert_frost,He arrives at the turn of the year.
robert_frost,In a Vale
robert_frost,Out of old longings he fashions a story.
robert_frost,A Dream Pang
robert_frost,He is shown by a dream how really well it is with him.
robert_frost,In Neglect
robert_frost,He is scornful of folk his scorn cannot reach.
robert_frost,The Vantage Point
robert_frost,"And again scornful, but there is no one hurt."
robert_frost,Mowing
robert_frost,He takes up life simply with the small tasks.
robert_frost,Going for Water
robert_frost,Part II
robert_frost,Revelation
robert_frost,"He resolves to become intelligible, at least to himself, since there"
robert_frost,is no help else;
robert_frost,The Trial by Existence
robert_frost,and to know definitely what he thinks about the soul;
robert_frost,In Equal Sacrifice
robert_frost,about love;
robert_frost,The Tuft of Flowers
robert_frost,about fellowship;
robert_frost,Spoils of the Dead
robert_frost,about death;
robert_frost,Pan with Us
robert_frost,about art (his own);
robert_frost,The Demiurge's Laugh
robert_frost,about science.
robert_frost,Part III
robert_frost,Now Close the Windows
robert_frost,It is time to make an end of speaking.
robert_frost,A Line-storm Song
robert_frost,It is the autumnal mood with a difference.
robert_frost,October
robert_frost,He sees days slipping from him that were the best for what they
robert_frost,were.
robert_frost,My Butterfly
robert_frost,There are things that can never be the same.
robert_frost,Reluctance
robert_frost,Into My Own
robert_frost,"ONE of my wishes is that those dark trees,"
robert_frost,"So old and firm they scarcely show the breeze,"
robert_frost,"Were not, as 'twere, the merest mask of gloom,"
robert_frost,But stretched away unto the edge of doom.
robert_frost,I should not be withheld but that some day
robert_frost,"Into their vastness I should steal away,"
robert_frost,"Fearless of ever finding open land,"
robert_frost,Or highway where the slow wheel pours the sand.
robert_frost,"I do not see why I should e'er turn back,"
robert_frost,Or those should not set forth upon my track
robert_frost,"To overtake me, who should miss me here"
robert_frost,And long to know if still I held them dear.
robert_frost,They would not find me changed from him they knew--
robert_frost,Only more sure of all I thought was true.
robert_frost,Ghost House
robert_frost,I DWELL in a lonely house I know
robert_frost,"That vanished many a summer ago,"
robert_frost,"And left no trace but the cellar walls,"
robert_frost,"And a cellar in which the daylight falls,"
robert_frost,And the purple-stemmed wild raspberries grow.
robert_frost,O'er ruined fences the grape-vines shield
robert_frost,The woods come back to the mowing field;
robert_frost,The orchard tree has grown one copse
robert_frost,Of new wood and old where the woodpecker chops;
robert_frost,The footpath down to the well is healed.
robert_frost,I dwell with a strangely aching heart
robert_frost,In that vanished abode there far apart
robert_frost,On that disused and forgotten road
robert_frost,That has no dust-bath now for the toad.
robert_frost,Night comes; the black bats tumble and dart;
robert_frost,The whippoorwill is coming to shout
robert_frost,And hush and cluck and flutter about:
robert_frost,I hear him begin far enough away
robert_frost,Full many a time to say his say
robert_frost,Before he arrives to say it out.
robert_frost,"It is under the small, dim, summer star."
robert_frost,I know not who these mute folk are
robert_frost,Who share the unlit place with me--
robert_frost,Those stones out under the low-limbed tree
robert_frost,Doubtless bear names that the mosses mar.
robert_frost,"They are tireless folk, but slow and sad,"
robert_frost,"Though two, close-keeping, are lass and lad,--"
robert_frost,"With none among them that ever sings,"
robert_frost,"And yet, in view of how many things,"
robert_frost,As sweet companions as might be had.
robert_frost,My November Guest
robert_frost,"MY Sorrow, when she's here with me,"
robert_frost,Thinks these dark days of autumn rain
robert_frost,Are beautiful as days can be;
robert_frost,"She loves the bare, the withered tree;"
robert_frost,She walks the sodden pasture lane.
robert_frost,Her pleasure will not let me stay.
robert_frost,She talks and I am fain to list:
robert_frost,"She's glad the birds are gone away,"
robert_frost,She's glad her simple worsted gray
robert_frost,Is silver now with clinging mist.
robert_frost,"The desolate, deserted trees,"
robert_frost,"The faded earth, the heavy sky,"
robert_frost,"The beauties she so truly sees,"
robert_frost,"She thinks I have no eye for these,"
robert_frost,And vexes me for reason why.
robert_frost,Not yesterday I learned to know
robert_frost,The love of bare November days
robert_frost,"Before the coming of the snow,"
robert_frost,"But it were vain to tell her so,"
robert_frost,And they are better for her praise.
robert_frost,Love and a Question
robert_frost,"A STRANGER came to the door at eve,"
robert_frost,And he spoke the bridegroom fair.
robert_frost,"He bore a green-white stick in his hand,"
robert_frost,"And, for all burden, care."
robert_frost,He asked with the eyes more than the lips
robert_frost,"For a shelter for the night,"
robert_frost,And he turned and looked at the road afar
robert_frost,Without a window light.
robert_frost,The bridegroom came forth into the porch
robert_frost,"With, 'Let us look at the sky,"
robert_frost,"And question what of the night to be,"
robert_frost,"Stranger, you and I.'"
robert_frost,"The woodbine leaves littered the yard,"
robert_frost,"The woodbine berries were blue,"
robert_frost,"Autumn, yes, winter was in the wind;"
robert_frost,"'Stranger, I wish I knew.'"
robert_frost,"Within, the bride in the dusk alone"
robert_frost,"Bent over the open fire,"
robert_frost,Her face rose-red with the glowing coal
robert_frost,And the thought of the heart's desire.
robert_frost,"The bridegroom looked at the weary road,"
robert_frost,"Yet saw but her within,"
robert_frost,And wished her heart in a case of gold
robert_frost,And pinned with a silver pin.
robert_frost,The bridegroom thought it little to give
robert_frost,"A dole of bread, a purse,"
robert_frost,"A heartfelt prayer for the poor of God,"
robert_frost,Or for the rich a curse;
robert_frost,But whether or not a man was asked
robert_frost,To mar the love of two
robert_frost,"By harboring woe in the bridal house,"
robert_frost,The bridegroom wished he knew.
robert_frost,A Late Walk
robert_frost,"WHEN I go up through the mowing field,"
robert_frost,"The headless aftermath,"
robert_frost,"Smooth-laid like thatch with the heavy dew,"
robert_frost,Half closes the garden path.
robert_frost,"And when I come to the garden ground,"
robert_frost,The whir of sober birds
robert_frost,Up from the tangle of withered weeds
robert_frost,Is sadder than any words.
robert_frost,"A tree beside the wall stands bare,"
robert_frost,"But a leaf that lingered brown,"
robert_frost,"Disturbed, I doubt not, by my thought,"
robert_frost,Comes softly rattling down.
robert_frost,I end not far from my going forth
robert_frost,By picking the faded blue
robert_frost,Of the last remaining aster flower
robert_frost,To carry again to you.
robert_frost,Stars
robert_frost,HOW countlessly they congregate
robert_frost,"O'er our tumultuous snow,"
robert_frost,Which flows in shapes as tall as trees
robert_frost,When wintry winds do blow!--
robert_frost,"As if with keenness for our fate,"
robert_frost,Our faltering few steps on
robert_frost,"To white rest, and a place of rest"
robert_frost,"Invisible at dawn,--"
robert_frost,"And yet with neither love nor hate,"
robert_frost,Those stars like some snow-white
robert_frost,Minerva's snow-white marble eyes
robert_frost,Without the gift of sight.
robert_frost,Storm Fear
robert_frost,"WHEN the wind works against us in the dark,"
robert_frost,And pelts with snow
robert_frost,"The lowest chamber window on the east,"
robert_frost,"And whispers with a sort of stifled bark,"
robert_frost,"The beast,"
robert_frost,'Come out! Come out!'--
robert_frost,"It costs no inward struggle not to go,"
robert_frost,"Ah, no!"
robert_frost,"I count our strength,"
robert_frost,"Two and a child,"
robert_frost,Those of us not asleep subdued to mark
robert_frost,"How the cold creeps as the fire dies at length,--"
robert_frost,"How drifts are piled,"
robert_frost,"Dooryard and road ungraded,"
robert_frost,Till even the comforting barn grows far away
robert_frost,And my heart owns a doubt
robert_frost,Whether 'tis in us to arise with day
robert_frost,And save ourselves unaided.
robert_frost,Wind and Window Flower
robert_frost,"LOVERS, forget your love,"
robert_frost,"And list to the love of these,"
robert_frost,"She a window flower,"
robert_frost,And he a winter breeze.
robert_frost,When the frosty window veil
robert_frost,"Was melted down at noon,"
robert_frost,And the cagèd yellow bird
robert_frost,"Hung over her in tune,"
robert_frost,"He marked her through the pane,"
robert_frost,"He could not help but mark,"
robert_frost,"And only passed her by,"
robert_frost,To come again at dark.
robert_frost,"He was a winter wind,"
robert_frost,"Concerned with ice and snow,"
robert_frost,"Dead weeds and unmated birds,"
robert_frost,And little of love could know.
robert_frost,"But he sighed upon the sill,"
robert_frost,"He gave the sash a shake,"
robert_frost,As witness all within
robert_frost,Who lay that night awake.
robert_frost,Perchance he half prevailed
robert_frost,To win her for the flight
robert_frost,From the firelit looking-glass
robert_frost,And warm stove-window light.
robert_frost,But the flower leaned aside
robert_frost,"And thought of naught to say,"
robert_frost,And morning found the breeze
robert_frost,A hundred miles away.
robert_frost,To the Thawing Wind (audio)
robert_frost,"COME with rain, O loud Southwester!"
robert_frost,"Bring the singer, bring the nester;"
robert_frost,Give the buried flower a dream;
robert_frost,Make the settled snow-bank steam;
robert_frost,Find the brown beneath the white;
robert_frost,"But whate'er you do to-night,"
robert_frost,"Bathe my window, make it flow,"
robert_frost,Melt it as the ices go;
robert_frost,Melt the glass and leave the sticks
robert_frost,Like a hermit's crucifix;
robert_frost,Burst into my narrow stall;
robert_frost,Swing the picture on the wall;
robert_frost,Run the rattling pages o'er;
robert_frost,Scatter poems on the floor;
robert_frost,Turn the poet out of door.
robert_frost,A Prayer in Spring
robert_frost,"OH, give us pleasure in the flowers to-day;"
robert_frost,And give us not to think so far away
robert_frost,As the uncertain harvest; keep us here
robert_frost,All simply in the springing of the year.
robert_frost,"Oh, give us pleasure in the orchard white,"
robert_frost,"Like nothing else by day, like ghosts by night;"
robert_frost,"And make us happy in the happy bees,"
robert_frost,The swarm dilating round the perfect trees.
robert_frost,And make us happy in the darting bird
robert_frost,"That suddenly above the bees is heard,"
robert_frost,"The meteor that thrusts in with needle bill,"
robert_frost,And off a blossom in mid air stands still.
robert_frost,"For this is love and nothing else is love,"
robert_frost,The which it is reserved for God above
robert_frost,"To sanctify to what far ends He will,"
robert_frost,But which it only needs that we fulfil.
robert_frost,Flower-gathering
robert_frost,"I LEFT you in the morning,"
robert_frost,"And in the morning glow,"
robert_frost,You walked a way beside me
robert_frost,To make me sad to go.
robert_frost,"Do you know me in the gloaming,"
robert_frost,Gaunt and dusty grey with roaming?
robert_frost,"Are you dumb because you know me not,"
robert_frost,Or dumb because you know?
robert_frost,All for me? And not a question
robert_frost,For the faded flowers gay
robert_frost,That could take me from beside you
robert_frost,For the ages of a day?
robert_frost,"They are yours, and be the measure"
robert_frost,"Of their worth for you to treasure,"
robert_frost,The measure of the little while
robert_frost,That I've been long away.
robert_frost,Rose Pogonias
robert_frost,"A SATURATED meadow,"
robert_frost,"Sun-shaped and jewel-small,"
robert_frost,A circle scarcely wider
robert_frost,Than the trees around were tall;
robert_frost,"Where winds were quite excluded,"
robert_frost,And the air was stifling sweet
robert_frost,"With the breath of many flowers,--"
robert_frost,A temple of the heat.
robert_frost,"There we bowed us in the burning,"
robert_frost,"As the sun's right worship is,"
robert_frost,To pick where none could miss them
robert_frost,A thousand orchises;
robert_frost,"For though the grass was scattered,"
robert_frost,Yet every second spear
robert_frost,"Seemed tipped with wings of color,"
robert_frost,That tinged the atmosphere.
robert_frost,We raised a simple prayer
robert_frost,"Before we left the spot,"
robert_frost,That in the general mowing
robert_frost,That place might be forgot;
robert_frost,"Or if not all so favoured,"
robert_frost,"Obtain such grace of hours,"
robert_frost,That none should mow the grass there
robert_frost,While so confused with flowers.
robert_frost,Asking for Roses
robert_frost,"A HOUSE that lacks, seemingly, mistress and master,"
robert_frost,"With doors that none but the wind ever closes,"
robert_frost,Its floor all littered with glass and with plaster;
robert_frost,It stands in a garden of old-fashioned roses.
robert_frost,I pass by that way in the gloaming with Mary;
robert_frost,"'I wonder,' I say, 'who the owner of those is."
robert_frost,"'Oh, no one you know,' she answers me airy,"
robert_frost,'But one we must ask if we want any roses.'
robert_frost,So we must join hands in the dew coming coldly
robert_frost,"There in the hush of the wood that reposes,"
robert_frost,"And turn and go up to the open door boldly,"
robert_frost,And knock to the echoes as beggars for roses.
robert_frost,"'Pray, are you within there, Mistress Who-were-you?'"
robert_frost,'Tis Mary that speaks and our errand discloses.
robert_frost,"'Pray, are you within there? Bestir you, bestir you!"
robert_frost,'Tis summer again; there's two come for roses.
robert_frost,"'A word with you, that of the singer recalling--"
robert_frost,Old Herrick: a saying that every maid knows is
robert_frost,"A flower unplucked is but left to the falling,"
robert_frost,And nothing is gained by not gathering roses.'
robert_frost,We do not loosen our hands' intertwining
robert_frost,"(Not caring so very much what she supposes),"
robert_frost,There when she comes on us mistily shining
robert_frost,And grants us by silence the boon of her roses.
robert_frost,Waiting Afield at Dusk
robert_frost,"WHAT things for dream there are when spectre-like,"
robert_frost,"Moving among tall haycocks lightly piled,"
robert_frost,"I enter alone upon the stubble field,"
robert_frost,"From which the laborers' voices late have died,"
robert_frost,And in the antiphony of afterglow
robert_frost,"And rising full moon, sit me down"
robert_frost,Upon the full moon's side of the first haycock
robert_frost,And lose myself amid so many alike.
robert_frost,"I dream upon the opposing lights of the hour,"
robert_frost,Preventing shadow until the moon prevail;
robert_frost,"I dream upon the night-hawks peopling heaven,"
robert_frost,"Each circling each with vague unearthly cry,"
robert_frost,Or plunging headlong with fierce twang afar;
robert_frost,"And on the bat's mute antics, who would seem"
robert_frost,"Dimly to have made out my secret place,"
robert_frost,"Only to lose it when he pirouettes,"
robert_frost,And seek it endlessly with purblind haste;
robert_frost,On the last swallow's sweep; and on the rasp
robert_frost,"In the abyss of odor and rustle at my back,"
robert_frost,"That, silenced by my advent, finds once more,"
robert_frost,"After an interval, his instrument,"
robert_frost,And tries once--twice--and thrice if I be there;
robert_frost,And on the worn book of old-golden song
robert_frost,"I brought not here to read, it seems, but hold"
robert_frost,And freshen in this air of withering sweetness;
robert_frost,"But on the memory of one absent most,"
robert_frost,For whom these lines when they shall greet her eye.
robert_frost,In a Vale
robert_frost,"WHEN I was young, we dwelt in a vale"
robert_frost,"By a misty fen that rang all night,"
robert_frost,And thus it was the maidens pale
robert_frost,"I knew so well, whose garments trail"
robert_frost,Across the reeds to a window light.
robert_frost,"The fen had every kind of bloom,"
robert_frost,"And for every kind there was a face,"
robert_frost,And a voice that has sounded in my room
robert_frost,Across the sill from the outer gloom.
robert_frost,"Each came singly unto her place,"
robert_frost,But all came every night with the mist;
robert_frost,And often they brought so much to say
robert_frost,"Of things of moment to which, they wist,"
robert_frost,"One so lonely was fain to list,"
robert_frost,That the stars were almost faded away
robert_frost,"Before the last went, heavy with dew,"
robert_frost,Back to the place from which she came--
robert_frost,"Where the bird was before it flew,"
robert_frost,"Where the flower was before it grew,"
robert_frost,Where bird and flower were one and the same.
robert_frost,And thus it is I know so well
robert_frost,"Why the flower has odor, the bird has song."
robert_frost,"You have only to ask me, and I can tell."
robert_frost,"No, not vainly there did I dwell,"
robert_frost,Nor vainly listen all the night long.
robert_frost,A Dream Pang
robert_frost,"I HAD withdrawn in forest, and my song"
robert_frost,Was swallowed up in leaves that blew alway;
robert_frost,And to the forest edge you came one day
robert_frost,"(This was my dream) and looked and pondered long,"
robert_frost,"But did not enter, though the wish was strong:"
robert_frost,"You shook your pensive head as who should say,"
robert_frost,'I dare not--too far in his footsteps stray--
robert_frost,He must seek me would he undo the wrong.
robert_frost,"Not far, but near, I stood and saw it all"
robert_frost,Behind low boughs the trees let down outside;
robert_frost,And the sweet pang it cost me not to call
robert_frost,And tell you that I saw does still abide.
robert_frost,"But 'tis not true that thus I dwelt aloof,"
robert_frost,"For the wood wakes, and you are here for proof."
robert_frost,In Neglect
robert_frost,"THEY leave us so to the way we took,"
robert_frost,"As two in whom they were proved mistaken,"
robert_frost,"That we sit sometimes in the wayside nook,"
robert_frost,"With mischievous, vagrant, seraphic look,"
robert_frost,And try if we cannot feel forsaken.
robert_frost,The Vantage Point
robert_frost,"IF tired of trees I seek again mankind,"
robert_frost,"Well I know where to hie me--in the dawn,"
robert_frost,To a slope where the cattle keep the lawn.
robert_frost,"There amid lolling juniper reclined,"
robert_frost,"Myself unseen, I see in white defined"
robert_frost,"Far off the homes of men, and farther still,"
robert_frost,"The graves of men on an opposing hill,"
robert_frost,"Living or dead, whichever are to mind."
robert_frost,"And if by moon I have too much of these,"
robert_frost,"I have but to turn on my arm, and lo,"
robert_frost,"The sun-burned hillside sets my face aglow,"
robert_frost,"My breathing shakes the bluet like a breeze,"
robert_frost,"I smell the earth, I smell the bruisèd plant,"
robert_frost,I look into the crater of the ant.
robert_frost,Mowing
robert_frost,"THERE was never a sound beside the wood but one,"
robert_frost,And that was my long scythe whispering to the ground.
robert_frost,What was it it whispered? I knew not well myself;
robert_frost,"Perhaps it was something about the heat of the sun,"
robert_frost,"Something, perhaps, about the lack of sound--"
robert_frost,And that was why it whispered and did not speak.
robert_frost,"It was no dream of the gift of idle hours,"
robert_frost,Or easy gold at the hand of fay or elf:
robert_frost,Anything more than the truth would have seemed too weak
robert_frost,"To the earnest love that laid the swale in rows,"
robert_frost,Not without feeble-pointed spikes of flowers
robert_frost,"(Pale orchises), and scared a bright green snake."
robert_frost,The fact is the sweetest dream that labor knows.
robert_frost,My long scythe whispered and left the hay to make.
robert_frost,Going for Water
robert_frost,"THE well was dry beside the door,"
robert_frost,And so we went with pail and can
robert_frost,Across the fields behind the house
robert_frost,To seek the brook if still it ran;
robert_frost,"Not loth to have excuse to go,"
robert_frost,Because the autumn eve was fair
robert_frost,"(Though chill), because the fields were ours,"
robert_frost,And by the brook our woods were there.
robert_frost,We ran as if to meet the moon
robert_frost,"That slowly dawned behind the trees,"
robert_frost,"The barren boughs without the leaves,"
robert_frost,"Without the birds, without the breeze."
robert_frost,"But once within the wood, we paused"
robert_frost,"Like gnomes that hid us from the moon,"
robert_frost,Ready to run to hiding new
robert_frost,With laughter when she found us soon.
robert_frost,Each laid on other a staying hand
robert_frost,"To listen ere we dared to look,"
robert_frost,And in the hush we joined to make
robert_frost,"We heard, we knew we heard the brook."
robert_frost,"A note as from a single place,"
robert_frost,A slender tinkling fall that made
robert_frost,Now drops that floated on the pool
robert_frost,"Like pearls, and now a silver blade."
robert_frost,Revelation
robert_frost,WE make ourselves a place apart
robert_frost,"Behind light words that tease and flout,"
robert_frost,"But oh, the agitated heart"
robert_frost,Till someone find us really out.
robert_frost,'Tis pity if the case require
robert_frost,(Or so we say) that in the end
robert_frost,We speak the literal to inspire
robert_frost,The understanding of a friend.
robert_frost,"But so with all, from babes that play"
robert_frost,"At hide-and-seek to God afar,"
robert_frost,So all who hide too well away
robert_frost,Must speak and tell us where they are.
robert_frost,The Trial by Existence
robert_frost,EVEN the bravest that are slain
robert_frost,Shall not dissemble their surprise
robert_frost,"On waking to find valor reign,"
robert_frost,"Even as on earth, in paradise;"
robert_frost,And where they sought without the sword
robert_frost,"Wide fields of asphodel fore'er,"
robert_frost,To find that the utmost reward
robert_frost,Of daring should be still to dare.
robert_frost,The light of heaven falls whole and white
robert_frost,"And is not shattered into dyes,"
robert_frost,The light for ever is morning light;
robert_frost,The hills are verdured pasture-wise;
robert_frost,"The angel hosts with freshness go,"
robert_frost,And seek with laughter what to brave;--
robert_frost,And binding all is the hushed snow
robert_frost,Of the far-distant breaking wave.
robert_frost,And from a cliff-top is proclaimed
robert_frost,"The gathering of the souls for birth,"
robert_frost,"The trial by existence named,"
robert_frost,The obscuration upon earth.
robert_frost,And the slant spirits trooping by
robert_frost,In streams and cross- and counter-streams
robert_frost,Can but give ear to that sweet cry
robert_frost,For its suggestion of what dreams!
robert_frost,And the more loitering are turned
robert_frost,To view once more the sacrifice
robert_frost,Of those who for some good discerned
robert_frost,Will gladly give up paradise.
robert_frost,And a white shimmering concourse rolls
robert_frost,Toward the throne to witness there
robert_frost,The speeding of devoted souls
robert_frost,Which God makes his especial care.
robert_frost,"And none are taken but who will,"
robert_frost,Having first heard the life read out
robert_frost,"That opens earthward, good and ill,"
robert_frost,Beyond the shadow of a doubt;
robert_frost,"And very beautifully God limns,"
robert_frost,"And tenderly, life's little dream,"
robert_frost,"But naught extenuates or dims,"
robert_frost,Setting the thing that is supreme.
robert_frost,Nor is there wanting in the press
robert_frost,"Some spirit to stand simply forth,"
robert_frost,"Heroic in its nakedness,"
robert_frost,Against the uttermost of earth.
robert_frost,The tale of earth's unhonored things
robert_frost,Sounds nobler there than 'neath the sun;
robert_frost,"And the mind whirls and the heart sings,"
robert_frost,And a shout greets the daring one.
robert_frost,But always God speaks at the end:
robert_frost,'One thought in agony of strife
robert_frost,"The bravest would have by for friend,"
robert_frost,The memory that he chose the life;
robert_frost,But the pure fate to which you go
robert_frost,"Admits no memory of choice,"
robert_frost,Or the woe were not earthly woe
robert_frost,To which you give the assenting voice.'
robert_frost,"And so the choice must be again,"
robert_frost,But the last choice is still the same;
robert_frost,"And the awe passes wonder then,"
robert_frost,And a hush falls for all acclaim.
robert_frost,And God has taken a flower of gold
robert_frost,"And broken it, and used therefrom"
robert_frost,The mystic link to bind and hold
robert_frost,Spirit to matter till death come.
robert_frost,"'Tis of the essence of life here,"
robert_frost,"Though we choose greatly, still to lack"
robert_frost,"The lasting memory at all clear,"
robert_frost,That life has for us on the wrack
robert_frost,Nothing but what we somehow chose;
robert_frost,Thus are we wholly stripped of pride
robert_frost,"In the pain that has but one close,"
robert_frost,Bearing it crushed and mystified.
robert_frost,In Equal Sacrifice
robert_frost,THUS of old the Douglas did:
robert_frost,He left his land as he was bid
robert_frost,With the royal heart of Robert the Bruce
robert_frost,"In a golden case with a golden lid,"
robert_frost,To carry the same to the Holy Land;
robert_frost,By which we see and understand
robert_frost,That that was the place to carry a heart
robert_frost,"At loyalty and love's command,"
robert_frost,And that was the case to carry it in.
robert_frost,The Douglas had not far to win
robert_frost,"Before he came to the land of Spain,"
robert_frost,Where long a holy war had been
robert_frost,Against the too-victorious Moor;
robert_frost,And there his courage could not endure
robert_frost,Not to strike a blow for God
robert_frost,Before he made his errand sure.
robert_frost,"And ever it was intended so,"
robert_frost,"That a man for God should strike a blow,"
robert_frost,No matter the heart he has in charge
robert_frost,For the Holy Land where hearts should go.
robert_frost,"But when in battle the foe were met,"
robert_frost,"The Douglas found him sore beset,"
robert_frost,With only strength of the fighting arm
robert_frost,For one more battle passage yet--
robert_frost,And that as vain to save the day
robert_frost,As bring his body safe away--
robert_frost,Only a signal deed to do
robert_frost,And a last sounding word to say.
robert_frost,The heart he wore in a golden chain
robert_frost,"He swung and flung forth into the plain,"
robert_frost,And followed it crying 'Heart or death!'
robert_frost,And fighting over it perished fain.
robert_frost,"So may another do of right,"
robert_frost,"Give a heart to the hopeless fight,"
robert_frost,The more of right the more he loves;
robert_frost,So may another redouble might
robert_frost,"For a few swift gleams of the angry brand,"
robert_frost,Scorning greatly not to demand
robert_frost,In equal sacrifice with his
robert_frost,The heart he bore to the Holy Land.
robert_frost,The Tuft of Flowers
robert_frost,I WENT to turn the grass once after one
robert_frost,Who mowed it in the dew before the sun.
robert_frost,The dew was gone that made his blade so keen
robert_frost,Before I came to view the leveled scene.
robert_frost,I looked for him behind an isle of trees;
robert_frost,I listened for his whetstone on the breeze.
robert_frost,"But he had gone his way, the grass all mown,"
robert_frost,"And I must be, as he had been,--alone,"
robert_frost,"'As all must be,' I said within my heart,"
robert_frost,'Whether they work together or apart.'
robert_frost,"But as I said it, swift there passed me by"
robert_frost,"On noiseless wing a 'wildered butterfly,"
robert_frost,Seeking with memories grown dim o'er night
robert_frost,Some resting flower of yesterday's delight.
robert_frost,"And once I marked his flight go round and round,"
robert_frost,As where some flower lay withering on the ground.
robert_frost,"And then he flew as far as eye could see,"
robert_frost,And then on tremulous wing came back to me.
robert_frost,"I thought of questions that have no reply,"
robert_frost,And would have turned to toss the grass to dry;
robert_frost,"But he turned first, and led my eye to look"
robert_frost,"At a tall tuft of flowers beside a brook,"
robert_frost,A leaping tongue of bloom the scythe had spared
robert_frost,Beside a reedy brook the scythe had bared.
robert_frost,"I left my place to know them by their name,"
robert_frost,Finding them butterfly weed when I came.
robert_frost,"The mower in the dew had loved them thus,"
robert_frost,"By leaving them to flourish, not for us,"
robert_frost,Nor yet to draw one thought of ours to him.
robert_frost,But from sheer morning gladness at the brim.
robert_frost,"The butterfly and I had lit upon,"
robert_frost,"Nevertheless, a message from the dawn,"
robert_frost,"That made me hear the wakening birds around,"
robert_frost,"And hear his long scythe whispering to the ground,"
robert_frost,And feel a spirit kindred to my own;
robert_frost,So that henceforth I worked no more alone;
robert_frost,"But glad with him, I worked as with his aid,"
robert_frost,"And weary, sought at noon with him the shade;"
robert_frost,"And dreaming, as it were, held brotherly speech"
robert_frost,With one whose thought I had not hoped to reach.
robert_frost,"'Men work together,' I told him from the heart,"
robert_frost,'Whether they work together or apart.'
robert_frost,Spoils of the Dead
robert_frost,TWO fairies it was
robert_frost,On a still summer day
robert_frost,Came forth in the woods
robert_frost,With the flowers to play.
robert_frost,The flowers they plucked
robert_frost,They cast on the ground
robert_frost,"For others, and those"
robert_frost,For still others they found.
robert_frost,Flower-guided it was
robert_frost,That they came as they ran
robert_frost,On something that lay
robert_frost,In the shape of a man.
robert_frost,The snow must have made
robert_frost,The feathery bed
robert_frost,When this one fell
robert_frost,On the sleep of the dead.
robert_frost,But the snow was gone
robert_frost,"A long time ago,"
robert_frost,And the body he wore
robert_frost,Nigh gone with the snow.
robert_frost,The fairies drew near
robert_frost,And keenly espied
robert_frost,A ring on his hand
robert_frost,And a chain at his side.
robert_frost,They knelt in the leaves
robert_frost,And eerily played
robert_frost,"With the glittering things,"
robert_frost,And were not afraid.
robert_frost,And when they went home
robert_frost,"To hide in their burrow,"
robert_frost,They took them along
robert_frost,To play with to-morrow.
robert_frost,"When you came on death,"
robert_frost,Did you not come flower-guided
robert_frost,Like the elves in the wood?
robert_frost,I remember that I did.
robert_frost,But I recognised death
robert_frost,"With sorrow and dread,"
robert_frost,And I hated and hate
robert_frost,The spoils of the dead.
robert_frost,Pan with Us
robert_frost,"PAN came out of the woods one day,--"
robert_frost,"His skin and his hair and his eyes were gray,"
robert_frost,"The gray of the moss of walls were they,--"
robert_frost,And stood in the sun and looked his fill
robert_frost,At wooded valley and wooded hill.
robert_frost,"He stood in the zephyr, pipes in hand,"
robert_frost,On a height of naked pasture land;
robert_frost,In all the country he did command
robert_frost,He saw no smoke and he saw no roof.
robert_frost,That was well! and he stamped a hoof.
robert_frost,"His heart knew peace, for none came here"
robert_frost,To this lean feeding save once a year
robert_frost,"Someone to salt the half-wild steer,"
robert_frost,Or homespun children with clicking pails
robert_frost,Who see no little they tell no tales.
robert_frost,"He tossed his pipes, too hard to teach"
robert_frost,"A new-world song, far out of reach,"
robert_frost,For a sylvan sign that the blue jay's screech
robert_frost,And the whimper of hawks beside the sun
robert_frost,"Were music enough for him, for one."
robert_frost,Times were changed from what they were:
robert_frost,Such pipes kept less of power to stir
robert_frost,The fruited bough of the juniper
robert_frost,And the fragile bluets clustered there
robert_frost,Than the merest aimless breath of air.
robert_frost,"They were pipes of pagan mirth,"
robert_frost,And the world had found new terms of worth.
robert_frost,He laid him down on the sun-burned earth
robert_frost,And ravelled a flower and looked away--
robert_frost,Play? Play?--What should he play?
robert_frost,The Demiurge's Laugh
robert_frost,IT was far in the sameness of the wood;
robert_frost,"I was running with joy on the Demon's trail,"
robert_frost,Though I knew what I hunted was no true god.
robert_frost,It was just as the light was beginning to fail
robert_frost,That I suddenly heard--all I needed to hear:
robert_frost,It has lasted me many and many a year.
robert_frost,"The sound was behind me instead of before,"
robert_frost,"A sleepy sound, but mocking half,"
robert_frost,As of one who utterly couldn't care.
robert_frost,"The Demon arose from his wallow to laugh,"
robert_frost,Brushing the dirt from his eye as he went;
robert_frost,And well I knew what the Demon meant.
robert_frost,I shall not forget how his laugh rang out.
robert_frost,"I felt as a fool to have been so caught,"
robert_frost,And checked my steps to make pretence
robert_frost,It was something among the leaves I sought
robert_frost,(Though doubtful whether he stayed to see).
robert_frost,Thereafter I sat me against a tree.
robert_frost,Now Close the Windows
robert_frost,NOW close the windows and hush all the fields;
robert_frost,"If the trees must, let them silently toss;"
robert_frost,"No bird is singing now, and if there is,"
robert_frost,Be it my loss.
robert_frost,"It will be long ere the marshes resume,"
robert_frost,It will be long ere the earliest bird:
robert_frost,"So close the windows and not hear the wind,"
robert_frost,But see all wind-stirred.
robert_frost,A Line-storm Song
robert_frost,"THE line-storm clouds fly tattered and swift,"
robert_frost,"The road is forlorn all day,"
robert_frost,"Where a myriad snowy quartz stones lift,"
robert_frost,And the hoof-prints vanish away.
robert_frost,"The roadside flowers, too wet for the bee,"
robert_frost,Expend their bloom in vain.
robert_frost,"Come over the hills and far with me,"
robert_frost,And be my love in the rain.
robert_frost,The birds have less to say for themselves
robert_frost,In the wood-world's torn despair
robert_frost,"Than now these numberless years the elves,"
robert_frost,Although they are no less there:
robert_frost,All song of the woods is crushed like some
robert_frost,"Wild, easily shattered rose."
robert_frost,"Come, be my love in the wet woods; come,"
robert_frost,Where the boughs rain when it blows.
robert_frost,There is the gale to urge behind
robert_frost,"And bruit our singing down,"
robert_frost,And the shallow waters aflutter with wind
robert_frost,From which to gather your gown.
robert_frost,"What matter if we go clear to the west,"
robert_frost,And come not through dry-shod?
robert_frost,For wilding brooch shall wet your breast
robert_frost,The rain-fresh goldenrod.
robert_frost,"Oh, never this whelming east wind swells"
robert_frost,But it seems like the sea's return
robert_frost,To the ancient lands where it left the shells
robert_frost,Before the age of the fern;
robert_frost,And it seems like the time when after doubt
robert_frost,Our love came back amain.
robert_frost,"Oh, come forth into the storm and rout"
robert_frost,And be my love in the rain.
robert_frost,October
robert_frost,"O HUSHED October morning mild,"
robert_frost,Thy leaves have ripened to the fall;
robert_frost,"To-morrow's wind, if it be wild,"
robert_frost,Should waste them all.
robert_frost,The crows above the forest call;
robert_frost,To-morrow they may form and go.
robert_frost,"O hushed October morning mild,"
robert_frost,"Begin the hours of this day slow,"
robert_frost,Make the day seem to us less brief.
robert_frost,"Hearts not averse to being beguiled,"
robert_frost,Beguile us in the way you know;
robert_frost,Release one leaf at break of day;
robert_frost,At noon release another leaf;
robert_frost,"One from our trees, one far away;"
robert_frost,Retard the sun with gentle mist;
robert_frost,Enchant the land with amethyst.
robert_frost,"Slow, slow!"
robert_frost,"For the grapes' sake, if they were all,"
robert_frost,"Whose leaves already are burnt with frost,"
robert_frost,Whose clustered fruit must else be lost--
robert_frost,For the grapes' sake along the wall.
robert_frost,My Butterfly
robert_frost,"THINE emulous fond flowers are dead, too,"
robert_frost,"And the daft sun-assaulter, he"
robert_frost,"That frighted thee so oft, is fled or dead:"
robert_frost,Save only me
robert_frost,(Nor is it sad to thee!)
robert_frost,Save only me
robert_frost,There is none left to mourn thee in the fields.
robert_frost,The gray grass is not dappled with the snow;
robert_frost,Its two banks have not shut upon the river;
robert_frost,But it is long ago--
robert_frost,It seems forever--
robert_frost,"Since first I saw thee glance,"
robert_frost,"With all the dazzling other ones,"
robert_frost,"In airy dalliance,"
robert_frost,"Precipitate in love,"
robert_frost,"Tossed, tangled, whirled and whirled above,"
robert_frost,Like a limp rose-wreath in a fairy dance.
robert_frost,"When that was, the soft mist"
robert_frost,"Of my regret hung not on all the land,"
robert_frost,"And I was glad for thee,"
robert_frost,"And glad for me, I wist."
robert_frost,"Thou didst not know, who tottered, wandering on high,"
robert_frost,"That fate had made thee for the pleasure of the wind,"
robert_frost,"With those great careless wings,"
robert_frost,Nor yet did I.
robert_frost,And there were other things:
robert_frost,It seemed God let thee flutter from his gentle clasp:
robert_frost,Then fearful he had let thee win
robert_frost,"Too far beyond him to be gathered in,"
robert_frost,"Snatched thee, o'er eager, with ungentle grasp."
robert_frost,Ah! I remember me
robert_frost,How once conspiracy was rife
robert_frost,Against my life--
robert_frost,The languor of it and the dreaming fond;
robert_frost,"Surging, the grasses dizzied me of thought,"
robert_frost,"The breeze three odors brought,"
robert_frost,And a gem-flower waved in a wand!
robert_frost,Then when I was distraught
robert_frost,"And could not speak,"
robert_frost,"Sidelong, full on my cheek,"
robert_frost,What should that reckless zephyr fling
robert_frost,But the wild touch of thy dye-dusty wing!
robert_frost,I found that wing broken to-day!
robert_frost,"For thou are dead, I said,"
robert_frost,And the strange birds say.
robert_frost,I found it with the withered leaves
robert_frost,Under the eaves.
robert_frost,Reluctance
robert_frost,OUT through the fields and the woods
robert_frost,And over the walls I have wended;
robert_frost,I have climbed the hills of view
robert_frost,"And looked at the world, and descended;"
robert_frost,"I have come by the highway home,"
robert_frost,"And lo, it is ended."
robert_frost,"The leaves are all dead on the ground,"
robert_frost,Save those that the oak is keeping
robert_frost,To ravel them one by one
robert_frost,And let them go scraping and creeping
robert_frost,"Out over the crusted snow,"
robert_frost,When others are sleeping.
robert_frost,"And the dead leaves lie huddled and still,"
robert_frost,No longer blown hither and thither;
robert_frost,The last lone aster is gone;
robert_frost,The flowers of the witch-hazel wither;
robert_frost,"The heart is still aching to seek,"
robert_frost,But the feet question 'Whither?'
robert_frost,"Ah, when to the heart of man"
robert_frost,Was it ever less than a treason
robert_frost,"To go with the drift of things,"
robert_frost,"To yield with a grace to reason,"
robert_frost,And bow and accept and accept the end
robert_frost,Of a love or a season?
